N;Cod. Serviço;DESCRIÇÃO;UNID.;COEF.;Indireto; SUBSOLO 3 ; SUBSOLO 2 ; SUBSOLO 1 ; TÉRREO EXTERNO ; TÉRREO TORRE ; 1º PAV ; TIPO (27X) ; ATICO ; Barrilete ; RESERV. ; COBERT. ; QUANT. TOTAL ;" PREÇO UNIT.
(R$) ";" PREÇO TOTAL
(R$) ";REF DO PREÇO;OBSERVAÇÕES/LOCAL;PORCENTAGEM
;01;UBER MIRÓ - OBRA;;;;;;;;;;;;;;;;;43243800,01;;;
;01.01;CUSTO INDIRETO;;;;;;;;;;;;;;;;;7170454,66;;;
;01.01.01;SERVIÇOS TÉCNICOS;;;;;;;;;;;;;;;;;1322726,51;;;
;01.01.01.01;CONSULTORIA / PLANEJAMENTO;;;;;;;;;;;;;;;;;769740,53;;;
;01.01.01.01.001;PROJETOS TÉCNICOS;VB;;;;;;;;;;;;;;;;765496;;;
;01.01.01.01.001.28632;SER CONSULTORIA DE COORDENACAO E COMPATIBILIZACAO DE PROJETOS;VB;0;;;;;;;;;;;;; -   ;1; -   ;;;
;01.01.01.01.001.28634;SER CONSULTORIA DE ELEVADORES;VB;0;;;;;;;;;;;;; -   ;1; -   ;;;
;01.01.01.01.001.28635;SER CONSULTORIA DE ELEVADORES ACOMPANHAMENTO DE OBRA;VB;0;;;;;;;;;;;;; -   ;1; -   ;;;
;01.01.01.01.001.28639;SER CONSULTORIA DE INSTALACOES ELETRICAS;VB;0;;;;;;;;;;;;; -   ;1; -   ;;;
;01.01.01.01.001.28640;SER CONSULTORIA DE INSTALACOES HIDRAULICAS;VB;0;;;;;;;;;;;;; -   ;1; -   ;;;
;01.01.01.01.001.28682;SER PROJETO DE AR CONDICIONADO;VB;39800;;;;;;;;;;;;;39800;1;39800;;;
;01.01.01.01.001.28683;SER PROJETO DE ARQUITETURA;VB;0;;;;;;;;;;;;; -   ;1; -   ;;;
;01.01.01.01.001.28688;SER PROJETO DE ESQUADRIA DE ALUMINIO;VB;42000;;;;;;;;;;;;;42000;1;42000;;;
;01.01.01.01.001.28689;SER PROJETO DE ESTRUTURA DE CONCRETO ARMADO;VB;368000;;;;;;;;;;;;;368000;1;368000;;;
;01.01.01.01.001.28690;SER PROJETO DE ESTRUTURA METALICA;VB;15000;;;;;;;;;;;;;15000;1;15000;;;
;01.01.01.01.001.28692;SER PROJETO DE FACHADA;VB;20000;;;;;;;;;;;;;20000;1;20000;;;
;01.01.01.01.001.28693;SER PROJETO DE FUNDACAO E CONTENCAO;VB;68000;;;;;;;;;;;;;68000;1;68000;;;
;01.01.01.01.001.28694;SER PROJETO DE IMPERMEABILIZACAO;VB;15000;;;;;;;;;;;;;15000;1;15000;;;
;01.01.01.01.001.28698;SER PROJETO DE INSTALACOES ELETRICAS;VB;69500;;;;;;;;;;;;;69500;1;69500;;;
;01.01.01.01.001.28699;SER PROJETO DE INSTALACOES HIDRAULICAS;VB;69500;;;;;;;;;;;;;69500;1;69500;;;
;01.01.01.01.001.28702;SER PROJETO DE PAISAGISMO;VB;17996;;;;;;;;;;;;;17996;1;17996;;;
;01.01.01.01.001.28708;SER PROJETO DE VEDACOES;VB;28000;;;;;;;;;;;;;28000;1;28000;;;
;01.01.01.01.001.28709;SER PROJETO LEGAL DE BOMBEIRO;VB;8700;;;;;;;;;;;;;8700;1;8700;;;
;01.01.01.01.001.29188;SER PROJETO DE REUSO DE AGUA;VB;4000;;;;;;;;;;;;;4000;1;4000;;;
;01.01.01.01.002;RECONHECIMENTO DO TERRENO;VB;;;;;;;;;;;;;;;;4244,53;;;
;01.01.01.01.002.28627;SER SONDAGEM A PERCUSSAO;VB;2244,53;;;;;;;;;;;;;2244,53;1;2244,53;;;
;01.01.01.01.002.28641;SER CONSULTORIA DE PLANEJAMENTO E CONTROLE DE OBRAS;MÊS;0;;;;;;;;;;;;; -   ;1; -   ;;;
;01.01.01.01.002.28764;SER LEVANTAMENTO PLANIALTIMETRICO;VB;2000;;;;;;;;;;;;;2000;1;2000;;;
;01.01.01.02;CONSULTORIAS/ PLANEJAMENTO;;;;;;;;;;;;;;;;;387741,88;;;
;01.01.01.02.001;CONSULTORIAS;VB;;;;;;;;;;;;;;;;256259;;;
;01.01.01.02.001.28627;Sondagem;VB;0;;;;;;;;;;;;; -   ;1; -   ;;;
;01.01.01.02.001.28764;Levantamento Planialtimetrico;VB;0;;;;;;;;;;;;; -   ;1; -   ;;;
;01.01.01.02.001.28630;SER ACOMPANHAMENTO DA CONSULTORIA DE ESQUADRIAS DE ALUMINIO;VB;3500;;;;;;;;;;;;;3500;1;3500;;;
;01.01.01.02.001.28631;SER CONSULTORIA DE AVCB;VB;3000;;;;;;;;;;;;;3000;1;3000;;;
;01.01.01.02.001.28632;SER CONSULTORIA DE COORDENACAO E COMPATIBILIZACAO DE PROJETOS;VB;81350;;;;;;;;;;;;;81350;1;81350;;;
;01.01.01.02.001.28633;SER CONSULTORIA DE DOF;VB;2200;;;;;;;;;;;;;2200;1;2200;;;
;01.01.01.02.001.28634;SER CONSULTORIA DE ELEVADORES;VB;4620;;;;;;;;;;;;;4620;1;4620;;;
;01.01.01.02.001.28635;SER CONSULTORIA DE ELEVADORES ACOMPANHAMENTO DE OBRA;VB;9000;;;;;;;;;;;;;9000;1;9000;;;
;01.01.01.02.001.28636;SER CONSULTORIA DE ESTRUTURA;VB;24000;;;;;;;;;;;;;24000;1;24000;;;
;01.01.01.02.001.28637;SER CONSULTORIA DE FACHADA;VB;4000;;;;;;;;;;;;;4000;1;4000;;;
;01.01.01.02.001.28638;SER CONSULTORIA DE IMPERMEABILIZACAO;VB;10000;;;;;;;;;;;;;10000;1;10000;;;
;01.01.01.02.001.28639;SER CONSULTORIA DE INSTALACOES ELETRICAS;VB;14100;;;;;;;;;;;;;14100;1;14100;;;
;01.01.01.02.001.28640;SER CONSULTORIA DE INSTALACOES HIDRAULICAS;VB;14500;;;;;;;;;;;;;14500;1;14500;;;
;01.01.01.02.001.28644;SER CONSULTORIA EM GESTAO AMBIENTAL;VB;25389;;;;;;;;;;;;;25389;1;25389;;;
;01.01.01.02.001.28645;SER CONSULTORIA JURIDICA E TRABALHISTA;VB;30600;;;;;;;;;;;;;30600;1;30600;;;
;01.01.01.02.001.28646;SER ESTUDO DE IMPACTO DE VIZINHANCA;VB;20000;;;;;;;;;;;;;20000;1;20000;;;
;01.01.01.02.001.28647;SER LAUDO DE COMPENSACAO VEGETACAO SUPRIMIDA;VB;10000;;;;;;;;;;;;;10000;1;10000;;;
;01.01.01.02.002;PLANEJAMENTO E CONTROLE DE OBRAS;VB;;;;;;;;;;;;;;;;131482,88;;;
;01.01.01.02.002.28641;SER CONSULTORIA DE PLANEJAMENTO E CONTROLE DE OBRAS;MÊS;122482,88;;;;;;;;;;;;;122482,88;1;122482,88;;;
;01.01.01.02.002.28682;SER PROJETO DE AR CONDICIONADO;VB;0;;;;;;;;;;;;; -   ;1; -   ;;;
;01.01.01.02.002.28683;SER PROJETO DE ARQUITETURA;VB;0;;;;;;;;;;;;; -   ;1; -   ;;;
;01.01.01.02.002.28688;SER PROJETO DE ESQUADRIA DE ALUMINIO;VB;0;;;;;;;;;;;;; -   ;1; -   ;;;
;01.01.01.02.002.28689;SER PROJETO DE ESTRUTURA DE CONCRETO ARMADO;VB;0;;;;;;;;;;;;; -   ;1; -   ;;;
;01.01.01.02.002.28690;SER PROJETO DE ESTRUTURA METALICA;VB;0;;;;;;;;;;;;; -   ;1; -   ;;;
;01.01.01.02.002.28692;SER PROJETO DE FACHADA;VB;0;;;;;;;;;;;;; -   ;1; -   ;;;
;01.01.01.02.002.28693;SER PROJETO DE FUNDACAO E CONTENCAO;VB;0;;;;;;;;;;;;; -   ;1; -   ;;;
;01.01.01.02.002.28694;SER PROJETO DE IMPERMEABILIZACAO;VB;0;;;;;;;;;;;;; -   ;1; -   ;;;
;01.01.01.02.002.28698;SER PROJETO DE INSTALACOES ELETRICAS;VB;0;;;;;;;;;;;;; -   ;1; -   ;;;
;01.01.01.02.002.28699;SER PROJETO DE INSTALACOES HIDRAULICAS;VB;0;;;;;;;;;;;;; -   ;1; -   ;;;
;01.01.01.02.002.28702;SER PROJETO DE PAISAGISMO;VB;0;;;;;;;;;;;;; -   ;1; -   ;;;
;01.01.01.02.002.28708;SER PROJETO DE VEDACOES;VB;0;;;;;;;;;;;;; -   ;1; -   ;;;
;01.01.01.02.002.28709;SER PROJETO LEGAL DE BOMBEIRO;VB;0;;;;;;;;;;;;; -   ;1; -   ;;;
;01.01.01.02.002.28720;REEMBOLSO DE VIAGEM A PROJETISTA;VB;9000;;;;;;;;;;;;;9000;1;9000;;;
;01.01.01.02.002.29188;SER PROJETO DE REUSO DE AGUA;VB;0;;;;;;;;;;;;; -   ;1; -   ;;;
;01.01.01.03;CONTROLE DE QUALIDADE;;;;;;;;;;;;;;;;;165244,1;;;
;01.01.01.03.001;CONTROLE DE QUALIDADE DOS MATERIAIS;VB;;;;;;;;;;;;;;;;132338,4;;;
;01.01.01.03.001.29262;SER ENSAIO DE QUALIDADE DE BLOCO CERAMICO;UN;1;;;;;;;;;;;;;1;3500;3500;;;
;01.01.01.03.001.29264;TAXA DE MOBILIZACAO EQUIPE ENSAIO DE CONCRETO;UN;136;;;;;;;;;;;;;136;80;10880;;;
;01.01.01.03.001.29291;SER DIARIA DO MOLDADOR PARA ENSAIO DE CONCRETO;DIA;136;;;;;;;;;;;;;136;321,5;43724;;;
;01.01.01.03.001.29292;SER HORA EXTRA 60% MOLDADOR;H;212;;;;;;;;;;;;;212;47;9964;;;
;01.01.01.03.001.29293;SER HORA EXTRA 100% MOLDADOR;H;34;;;;;;;;;;;;;34;59;2006;;;
;01.01.01.03.001.29294;SER ENSAIO DE MODULO DE DEFORMACAO ESTATICO;UN;12;;;;;;;;;;;;;12;311,6;3739,2;;;
;01.01.01.03.001.29295;SER ENSAIO DE RESISTENCIA A COMPRESSAO DE CONCRETO;UN;6026;;;;;;;;;;;;;6026;8,2;49413,2;;;
;01.01.01.03.001.29296;SER ENSAIO CONCRETO INSPECAO USINA;UN;8;;;;;;;;;;;;;8;639;5112;;;
;01.01.01.03.001.29298;SER ENSAIO POTABILIDADE DE AGUA;UN;1;;;;;;;;;;;;;1;4000;4000;;;
;01.01.01.03.002;CONTROLE DE QUALIDADE DE EXECUÇÃO;VB;;;;;;;;;;;;;;;;32905,7;;;
;01.01.01.03.002.29328;SERVICO DE DESOBSTRUCAO DE REDE;UN;1;;;;;;;;;;;;;1;5000;5000;;;
;01.01.01.03.002.29262;SER ENSAIO DE QUALIDADE DE BLOCO CERAMICO;UN;1;;;;;;;;;;;;;1;3500;3500;;;
;01.01.01.03.002.29265;SER ENSAIO REBOCO INTERNO RESISTENCIA SUPERFICIAL;UN;1;;;;;;;;;;;;;1;7663,2;7663,2;;;
;01.01.01.03.002.29269;SER ENSAIO CONTRAPISO RESISTENCIA SUPERFICIAL;UN;5;;;;;;;;;;;;;5;191,9;959,5;;;
;01.01.01.03.002.29270;SER ENSAIO CONTRAPISO RESISTENCIA DE ADERENCIA A TRACAO COM UMIDADE;UN;16,04742;;;;;;;;;;;;;16,05;383,8;6159;;;
;01.01.01.03.002.29284;TAXA DE MOBILIZACAO EQUIPE E EQUIPAMENTOS PARA ENSAIO DE CONTRAPISO;DIA;5;;;;;;;;;;;;;5;76,8;384;;;
;01.01.01.03.002.30777;SER ENSAIO DE RESISTENCIA A COMPRESSAO DE ARGAMASSA DE ASSENTAMENTO;UN;1;;;;;;;;;;;;;1;4240;4240;;;
;01.01.01.03.002.33911;SER TESTE ESTANQUEIDADE TUBULACAO DE GAS;VB;5000;;;;;;;;;;;;;5000;1;5000;;;
;01.01.02;GASTOS GERAIS;;;;;;;;;;;;;;;;;304228,07;;;
;01.01.02.01;TAXAS E IMPOSTOS;;;;;;;;;;;;;;;;;260638,07;;;
;01.01.02.01.001;TAXA CORPO DE BOMBEIRO;VB;;;;;;;;;;;;;;;;6464,55;;;
;01.01.02.01.001.28654;TAXA APROVACAO PROJETO DE BOMBEIRO;VB;2770,52;;;;;;;;;;;;;2770,52;1;2770,52;;;
;01.01.02.01.001.28655;TAXA AUTO DE VISTORIA DO CORPO DE BOMBEIROS;VB;3694,03;;;;;;;;;;;;;3694,03;1;3694,03;;;
;01.01.02.01.002;SIPAT(CHURRASCO E EVENTOS);VB;;;;;;;;;;;;;;;;7500;;;
;01.01.02.01.002.28678;SIPAT;VB;7500;;;;;;;;;;;;;7500;1;7500;;;
;01.01.02.01.003;QUITAÇÃO DE ISS;VB;;;;;;;;;;;;;;;;201073,52;;;
;01.01.02.01.003.28642;SER CONSULTORIA E ASSESSORIA CONTABIL;VB;5000;;;;;;;;;;;;;5000;1;5000;;;
;01.01.02.01.003.28658;TAXA QUITACAO DE ISS;VB;196073,52;;;;;;;;;;;;;196073,52;1;196073,52;;;
;01.01.02.01.004;TAXAS E DESPESAS DIVERSAS;VB;;;;;;;;;;;;;;;;29000;;;
;01.01.02.01.004.28651;DESPESAS COM DESPACHANTES;VB;5000;;;;;;;;;;;;;5000;1;5000;;;
;01.01.02.01.004.28659;TAXA SINISTRO;VB;10000;;;;;;;;;;;;;10000;1;10000;;;
;01.01.02.01.004.28661;DESPESAS COM VIZINHOS;VB;5000;;;;;;;;;;;;;5000;1;5000;;;
;01.01.02.01.004.29089;TAXAS E EMOLUMENTOS;VB;9000;;;;;;;;;;;;;9000;1;9000;;;
;01.01.02.01.005;LIGAÇÕES DEFINITIVAS;VB;;;;;;;;;;;;;;;;1600;;;
;01.01.02.01.005.28657;TAXA LIGACAO DEFINITIVA DE AGUA E ESGOTO;VB;1600;;;;;;;;;;;;;1600;1;1600;;;
;01.01.02.01.006;VISTORIA FINAL PARA HABITE-SE;VB;;;;;;;;;;;;;;;;15000;;;
;01.01.02.01.006.28660;TAXA VISTORIA FINAL DE OBRA;VB;15000;;;;;;;;;;;;;15000;1;15000;;;
;01.01.02.02;HOSPEDAGEM DE PROJETOS;;;;;;;;;;;;;;;;;14700;;;
;01.01.02.02.001;HOSPEDAGEM DE PROJETOS;VB;;;;;;;;;;;;;;;;14700;;;
;01.01.02.02.001.28677;SER LOCAL PARA HOSPEDAGEM DE PROJETOS;VB;14700;;;;;;;;;;;;;14700;1;14700;;;
;01.01.02.03;MATERIAL PARA ENTREGA DE OBRA;;;;;;;;;;;;;;;;;28890;;;
;01.01.02.03.001;CHAVES;VB;;;;;;;;;;;;;;;;9690;;;
;01.01.02.03.001.28649;CHAVEIRO PARA APARTAMENTOS;UN;280;;;;;;;;;;;;;280;30;8400;;;
;01.01.02.03.001.28650;CHAVEIRO PARA AREAS COMUNS;UN;43;;;;;;;;;;;;;43;30;1290;;;
;01.01.02.03.002;MANUAL DO PROPRIETÁRIO;VB;;;;;;;;;;;;;;;;19200;;;
;01.01.02.03.002.28653;SER MANUAL DO PROPRIETARIO;VB;19200;;;;;;;;;;;;;19200;1;19200;;;
;01.01.03;PESSOAL PERMANENTE;;;;;;;;;;;;;;;;;2711593,02;;;
;01.01.03.01;REMUNERAÇÁO DA EQUIPE;;;;;;;;;;;;;;;;;2411145,72;;;
;01.01.03.01.001;EQUIPE PERMANENTE;VB;;;;;;;;;;;;;;;;2411145,72;;;
;01.01.03.01.001.28710;EQUIPE DE ADMINISTRACAO;VB;2411145,72;;;;;;;;;;;;;2411145,72;1;2411145,72;;;
;01.01.03.02;ASSISTÊNCIA EQUIPE;;;;;;;;;;;;;;;;;300447,3;;;
;01.01.03.02.001;CAFÉ DA MANHÃ;VB;;;;;;;;;;;;;;;;37647,5;;;
;01.01.03.02.001.28713;CAFE DA MANHA EQUIPE ADMINISTRACAO;VB;37647,5;;;;;;;;;;;;;37647,5;1;37647,5;;;
;01.01.03.02.002;VALE REFEIÇÃO;VB;;;;;;;;;;;;;;;;186842,6;;;
;01.01.03.02.002.28717;VALE REFEICAO;VB;186842,6;;;;;;;;;;;;;186842,6;1;186842,6;;;
;01.01.03.02.003;VALE TRANSPORTE;VB;;;;;;;;;;;;;;;;50719,5;;;
;01.01.03.02.003.28718;VALE TRANSPORTE;VB;50719,5;;;;;;;;;;;;;50719,5;1;50719,5;;;
;01.01.03.02.004;ASSITENCIA MÉDICA;VB;;;;;;;;;;;;;;;;25237,7;;;
;01.01.03.02.004.29086;ASSISTENCIA MEDICA;VB;23798,4;;;;;;;;;;;;;23798,4;1;23798,4;;;
;01.01.03.02.004.29090;SEGURO DE VIDA;VB;1439,3;;;;;;;;;;;;;1439,3;1;1439,3;;;
;01.01.04;ADMINISTRAÇÃO;;;;;;;;;;;;;;;;;910990;;;
;01.01.04.01;CONSUMOS DO CANTEIRO;;;;;;;;;;;;;;;;;653760;;;
;01.01.04.01.001;CONSUMO DE ÁGUA;VB;;;;;;;;;;;;;;;;110880;;;
;01.01.04.01.001.28666;CONSUMO DE AGUA;VB;110880;;;;;;;;;;;;;110880;1;110880;;;
;01.01.04.01.002;CONSUMO DE ENERGIA ELÉTRICA;VB;;;;;;;;;;;;;;;;126000;;;
;01.01.04.01.002.28667;CONSUMO DE ENERGIA ELETRICA;VB;126000;;;;;;;;;;;;;126000;1;126000;;;
;01.01.04.01.003;CONSUMO DE INTERNET;VB;;;;;;;;;;;;;;;;7200;;;
;01.01.04.01.003.28668;CONSUMO DE INTERNET;VB;7200;;;;;;;;;;;;;7200;1;7200;;;
;01.01.04.01.004;CONSUMO DE TELEFONIA;VB;;;;;;;;;;;;;;;;21600;;;
;01.01.04.01.004.28669;CONSUMO DE TELEFONE CELULAR;VB;7200;;;;;;;;;;;;;7200;1;7200;;;
;01.01.04.01.004.28670;CONSUMO DE TELEFONE FIXO;VB;14400;;;;;;;;;;;;;14400;1;14400;;;
;01.01.04.01.005;CÓPIAS E PLOTAGENS;VB;;;;;;;;;;;;;;;;18000;;;
;01.01.04.01.005.28671;SER COPIAS E PLOTAGENS;VB;18000;;;;;;;;;;;;;18000;1;18000;;;
;01.01.04.01.006;PEQUENAS COMPRAS;VB;;;;;;;;;;;;;;;;18000;;;
;01.01.04.01.006.29113;VERBA PARA PEQUENAS COMPRAS OBRA;VB;18000;;;;;;;;;;;;;18000;1;18000;;;
;01.01.04.01.007;MEDICAMENTOS;VB;;;;;;;;;;;;;;;;2880;;;
;01.01.04.01.007.28723;VERBA DE MEDICAMENTOS;VB;2880;;;;;;;;;;;;;2880;1;2880;;;
;01.01.04.01.009;SERVIÇO DE LIMPEZA;MÊS;;;;;;;;;;;;;;;;90000;;;
;01.01.04.01.009.29112;SER FAXINEIRA PARA CANTEIRO DE OBRA;MÊS;36;;;;;;;;;;;;;36;2500;90000;;;
;01.01.04.01.010;SERVIÇO DE VIGILÂNCIA;MÊS;;;;;;;;;;;;;;;;259200;;;
;01.01.04.01.010.29110;SER VIGILANCIA DE OBRA;H;12960;;;;;;;;;;;;;12960;20;259200;;;
;01.01.04.01.010.33228;SER VIGILANCIA DE OBRA 12 HORAS;H;4320;;;;;;;;;;;;;4320; -   ; -   ;;;
;01.01.04.02;MANUTENÇÃO DO CANTEIRO;;;;;;;;;;;;;;;;;47340;;;
;01.01.04.02.001;MATERIAL DE ESCRITÓRIO;VB;;;;;;;;;;;;;;;;22140;;;
;01.01.04.02.001.28721;VERBA DE MATERIAIS DE ESCRITORIO;VB;22140;;;;;;;;;;;;;22140;1;22140;;;
;01.01.04.02.002;MATERIAL DE LIMPEZA;VB;;;;;;;;;;;;;;;;18000;;;
;01.01.04.02.002.28722;VERBA DE MATERIAIS DE LIMPEZA;VB;18000;;;;;;;;;;;;;18000;1;18000;;;
;01.01.04.02.003;DETETIZAÇÃO;VB;;;;;;;;;;;;;;;;7200;;;
;01.01.04.02.003.28765;SER DEDETIZACAO;VB;7200;;;;;;;;;;;;;7200;1;7200;;;
;01.01.04.03;SISTEMAS DE INFORMATICA/ COMUNICAÇÂO;;;;;;;;;;;;;;;;;209890;;;
;01.01.04.03.001;SISTEMAS DE INFORMATICA;VB;;;;;;;;;;;;;;;;45790;;;
;01.01.04.03.001.28495;NOTEBOOK PARA OBRA;CJ;2;;;;;;;;;;;;;2;2500;5000;;;
;01.01.04.03.001.28499;COMPUTADOR PARA OBRA;CJ;8;;;;;;;;;;;;;8;2450;19600;;;
;01.01.04.03.001.28768;VISITA TECNICA PARA MANUTENCAO PREVENTIVA DE EQUIPAMENTO;VB;0;;;;;;;;;;;;; -   ;1; -   ;;;
;01.01.04.03.001.28977;CALCULADORA;UN;6;;;;;;;;;;;;;6;110;660;;;
;01.01.04.03.001.29004;FILTRO DE LINHA COM 3 TOMADAS;UN;4;;;;;;;;;;;;;4;35;140;;;
;01.01.04.03.001.29042;LOC IMPRESSORA;UNXMÊS;36;;;;;;;;;;;;;36;300;10800;;;
;01.01.04.03.001.29116;SER INSTALACAO SISTEMA DE REDE OBRA;VB;5000;;;;;;;;;;;;;5000;1;5000;;;
;01.01.04.03.001.29329;SER HOSPEDAGEM DE DOCUMENTOS;VB;500;;;;;;;;;;;;;500;1;500;;;
;01.01.04.03.001.29330;NOBREAK;UN;8;;;;;;;;;;;;;8;390;3120;;;
;01.01.04.03.001.29331;SWITCH E ROTEADOR;UN;2;;;;;;;;;;;;;2;350;700;;;
;01.01.04.03.001.29332;TELEFONE FIXO;UN;6;;;;;;;;;;;;;6;45;270;;;
;01.01.04.03.002;SISTEMAS DE COMUNICAÇÃO;UN;;;;;;;;;;;;;;;;11700;;;
;01.01.04.03.002.28501;RADIO COMUNICADOR;UN;13;;;;;;;;;;;;;13;900;11700;;;
;01.01.04.03.003;EQUIPAMENTO TABLET;VB;;;;;;;;;;;;;;;;13800;;;
;01.01.04.03.003.29195;TABLET PARA OBRA;UN;2;;;;;;;;;;;;;2;1500;3000;;;
;01.01.04.03.003.29196;SER IMPLANTACAO DE SOFTWARE PARA FVS ELETRONICA;VB;10800;;;;;;;;;;;;;10800;1;10800;;;
;01.01.04.03.004;MONITORAMENTO DO CANTEIRO DE OBRA;MÊS;;;;;;;;;;;;;;;;127800;;;
;01.01.04.03.004.28922;SER MONITORAMENTO DO SISTEMA DE ALARME E CFTV;MÊS;36;;;;;;;;;;;;;36;2800;100800;;;
;01.01.04.03.004.29244;VERBA PARA SISTEMA DE SEGURANCA E CFTV;VB;27000;;;;;;;;;;;;;27000;1;27000;;;
;01.01.04.03.005;DIVERSOS;VB;;;;;;;;;;;;;;;;10800;;;
;01.01.04.03.005.28652;SER FOTOS E FILMAGENS DA OBRA;VB;10800;;;;;;;;;;;;;10800;1;10800;;;
;01.01.04.03.005.31473;PLACA IDENTIFICACAO;UN;0;;;;;;;;;;;;; -   ; -   ; -   ;;;
;01.01.04.03.006;CONTROLE DE ACESSO E DOCUMENTAÇÃO;VB;;;;;;;;;;;;;;;; -   ;;;
;01.01.04.03.006.30755;IMPLANTAÇÃO DE CONTROLE DE ACESSO E DOCUMENTOS;VB;0;;;;;;;;;;;;; -   ;1; -   ;;;
;01.01.04.03.006.30756;MENSALIDADE DE CONTROLE DE ACESSO E DOCUMENTOS;MÊS;0;;;;;;;;;;;;; -   ;1; -   ;;;
;01.01.05;IMPLANTAÇÃO DO CANTEIRO / LOGÍSTICA;;;;;;;;;;;;;;;;;305930;;;
;01.01.05.01;DESMOBILIZAÇÃO DO CANTEIRO DE OBRAS;;;;;;;;;;;;;;;;;10000;;;
;01.01.05.01.001;DESMOBILIZAÇÃO DO CANTEIRO DE OBRAS;VB;;;;;;;;;;;;;;;;10000;;;
;01.01.05.01.001.28899;SER DESMOBILIZACAO DO CANTEIRO DE OBRAS;VB;10000;;;;;;;;;;;;;10000;1;10000;;;
;01.01.05.02;FECHAMENTO DO TERRENO;;;;;;;;;;;;;;;;;10000;;;
;01.01.05.02.002;MANUTENÇÃO DO TAPUME;VB;;;;;;;;;;;;;;;;10000;;;
;01.01.05.02.002.29117;SER MANUTENCAO DE TAPUME;VB;10000;;;;;;;;;;;;;10000;1;10000;;;
;01.01.05.03;CONTAINERS;;;;;;;;;;;;;;;;;15930;;;
;01.01.05.03.001;LOCAÇÃO DE CONTAINERS;VB;;;;;;;;;;;;;;;;15930;;;
;01.01.05.03.001.29043;LOC BANHEIRO QUIMICO;UNXMÊS;3;;;;;;;;;;;;;3; -   ; -   ;;;
;01.01.05.03.001.29045;LOC CONTAINER ALMOXARIFADO 2,3 X 6,0 X 2,5 COM JANELA;UNXMÊS;18;;;;;;;;;;;;;18;550;9900;;;
;01.01.05.03.001.29046;LOC CONTAINER BANHEIRO 2,3 X 6,0 X 2,5 COM 4 CHUV E 3 BACIAS;UNXMÊS;4;;;;;;;;;;;;;4; -   ; -   ;;;
;01.01.05.03.001.29047;LOC CONTAINER ESCRITORIO 2,3 X 6,0 X 2,5 COM ACABAMENTO INTERNO;UNXMÊS;3;;;;;;;;;;;;;3; -   ; -   ;;;
;01.01.05.03.001.29048;LOC CONTAINER ESCRITORIO 4,6 X 6,0 X 2,5 COM ACABAMENTO INTERNO;UNXMÊS;9;;;;;;;;;;;;;9;670;6030;;;
;01.01.05.03.001.29049;LOC CONTAINER REFEITORIO 2,3 X 6,0 X 2,5;UNXMÊS;4;;;;;;;;;;;;;4; -   ; -   ;;;
;01.01.05.03.001.29050;LOC CONTAINER VESTIARIO 2,3 X 6,0 X 2,5;UNXMÊS;4;;;;;;;;;;;;;4; -   ; -   ;;;
;01.01.05.03.001.31788;LOC CONTAINER BANHEIRO 3,0 X 2,3 x 2,5 COM 2 BACIAS;UNXMÊS;2,1;;;;;;;;;;;;;2,1; -   ; -   ;;;
;01.01.05.03.001.31844;SER ACOPLAGEM E DESACOPLAGEM DE CONTAINER;VB;0;;;;;;;;;;;;; -   ;1; -   ;;;
;01.01.05.03.002;FRETE;VB;;;;;;;;;;;;;;;; -   ;;;
;01.01.05.03.002.28675;SER FRETE;VB;3300;;;;;;;;;;;;; -   ;1; -   ;;;
;01.01.05.04;ESCRITÓRIO/MOBILIARIO/BAIAS;;;;;;;;;;;;;;;;;230000;;;
;01.01.05.04.001;ESCRITÓRIO;VB;;;;;;;;;;;;;;;;200000;;;
;01.01.05.04.001.29310;VERBA PARA EDIFICAO DE CANTEIRO;VB;200000;;;;;;;;;;;;;200000;1;200000;;;
;01.01.05.04.002;MOBILIÁRIO;VB;;;;;;;;;;;;;;;;10000;;;
;01.01.05.04.002.29159;VERBA PARA MOBILIARIO ESCRITORIO;VB;10000;;;;;;;;;;;;;10000;1;10000;;;
;01.01.05.04.003;BAIAS;VB;;;;;;;;;;;;;;;;20000;;;
;01.01.05.04.003.29311;VERBA PARA BAIAS;VB;20000;;;;;;;;;;;;;20000;1;20000;;;
;01.01.05.05;INSTALAÇÕES PROVISÓRIAS DE OBRA;;;;;;;;;;;;;;;;;40000;;;
;01.01.05.05.001;ENTRADA PROVISÓRIA DE ENERGIA E HIDRAULICA;VB;;;;;;;;;;;;;;;;40000;;;
;01.01.05.05.001.29119;SER ENTRADA DE ENERGIA PROVISORIA DO CANTEIRO;VB;40000;;;;;;;;;;;;;40000;1;40000;;;
;01.01.05.05.003;INSTALAÇÕES PROVISÓRIAS HIDRÁULICAS;VB;;;;;;;;;;;;;;;; -   ;;;
;01.01.05.05.003.28224;ARGAMASSA 4,0 MPA PARA ASSENTAMENTO DE BLOCOS;KG;0;;;;;;;;;;;;; -   ; -   ; -   ;;;
;01.01.05.05.003.28279;CABO FLEXIVEL 2,5 MM2 750 V;M;0;;;;;;;;;;;;; -   ; -   ; -   ;;;
;01.01.05.05.003.28339;TOMADA 2P+T 10 A UNIVERSAL;UN;0;;;;;;;;;;;;; -   ; -   ; -   ;;;
;01.01.05.05.003.28430;TE PVC PBA 50 MM JE 100 MM JE;UN;0;;;;;;;;;;;;; -   ; -   ; -   ;;;
;01.01.05.05.003.28900;SER INSTALACAO DE AGUA E ESGOTO PROVISORIA DO CANTEIRO;VB;5000;;;;;;;;;;;;; -   ;1; -   ;;;
;01.01.05.05.003.30806;TUBO PVC BRANCO 100 MM;M;0;;;;;;;;;;;;; -   ; -   ; -   ;;;
;01.01.05.05.003.30807;LUVA SIMPLES PVC BRANCO 100 MM;UN;0;;;;;;;;;;;;; -   ; -   ; -   ;;;
;01.01.05.05.003.30808;TUBO PVC SOLDAVEL MARROM 25 MM;M;0;;;;;;;;;;;;; -   ; -   ; -   ;;;
;01.01.05.05.003.30809;JOELHO 90 PVC SOLDAVEL MARROM 25 MM;UN;0;;;;;;;;;;;;; -   ; -   ; -   ;;;
;01.01.05.05.003.30811;JOELHO 90 PVC BRANCO 100 MM;UN;0;;;;;;;;;;;;; -   ; -   ; -   ;;;
;01.01.05.05.003.31440;LIXA PARA FERRO N 60;UN;0;;;;;;;;;;;;; -   ; -   ; -   ;;;
;01.01.05.05.003.33142;CABO FLEXIVEL 25 MM 750 V;M;0;;;;;;;;;;;;; -   ; -   ; -   ;;;
;01.01.05.05.003.33173;JOELHO 90 PVC BRANCO 50 MM;UN;0;;;;;;;;;;;;; -   ; -   ; -   ;;;
;01.01.05.05.003.33186;TE PVC BRANCO 50 MM;UN;0;;;;;;;;;;;;; -   ; -   ; -   ;;;
;01.01.05.05.003.33309;TUBO PVC BRANCO 50 MM;M;0;;;;;;;;;;;;; -   ; -   ; -   ;;;
;01.01.05.05.003.33310;TE PVC BRANCO 100 MM;UN;0;;;;;;;;;;;;; -   ; -   ; -   ;;;
;01.01.05.05.004;ITENS DE SUSTENTABILIDADE DO CANTEIRO;VB;;;;;;;;;;;;;;;; -   ;;;
;01.01.05.05.004.28900;SER INSTALACAO DE AGUA E ESGOTO PROVISORIA DO CANTEIRO;VB;0;;;;;;;;;;;;; -   ;1; -   ;;;
;01.01.05.05.004.31093;VERBA PARA ITENS DE SUSTENTABILIDADE DO CANTEIRO;VB;35000;;;;;;;;;;;;; -   ;1; -   ;;;
;01.01.05.05.004.32806;SER EXECUCAO DE LAVA RODAS;VB;0;;;;;;;;;;;;; -   ;1; -   ;;;
;01.01.06;PROTEÇÕES E SEGURANÇA;;;;;;;;;;;;;;;;;557523,23;;;
;01.01.06.01;MATERIAL SEGURANÇA/ EPI;;;;;;;;;;;;;;;;;21600;;;
;01.01.06.01.001;EQUIPAMENTOS DE PROTEÇÃO INDIVIDUAL;VB;;;;;;;;;;;;;;;;10800;;;
;01.01.06.01.001.29120;VERBA PARA FORNECIMENTO DE EPI;VB;10800;;;;;;;;;;;;;10800;1;10800;;;
;01.01.06.01.002;MATERIAIS DE PROTEÇÃO COLETIVA;VB;;;;;;;;;;;;;;;;10800;;;
;01.01.06.01.002.29121;VERBA PARA FORNECIMENTO DE EQUIPAMENTOS DE SEGURANCA ESPECIAIS;VB;10800;;;;;;;;;;;;;10800;1;10800;;;
;01.01.06.02;BANDEJAS DE SEGURANÇA;;;;;;;;;;;;;;;;;322106,69;;;
;01.01.06.02.001;BANDEJA PRIMÁRIA;VB;;;;;;;;;;;;;;;;58675,29;;;
;01.01.06.02.001.32362;"Cabo de Aço 1""";M;216,92;;;;;;;;;;;;;216,92;4,8;1041,22;;;
;01.01.06.02.001.27980;PREGO COMUM CABECA DUPLA 18 X 27 CM;KG;39,44;;;;;;;;;;;;;39,44;4,32;170,38;;;
;01.01.06.02.001.28010;TABUA PINUS 2,0 X 30,0 CM;M;1183,2;;;;;;;;;;;;;1183,2;4,87;5762,18;;;
;01.01.06.02.001.28019;COMPENSADO PLASTIFICADO 2440 X 1220 X 18 MM;UN;80,82;;;;;;;;;;;;;80,82;84,63;6839,8;;;
;01.01.06.02.001.28157;TINTA LATEX PVA 1A LINHA;L;431,99;;;;;;;;;;;;;431,99;2,73;1179,33;;;
;01.01.06.02.001.28675;SER FRETE;VB;0;;;;;;;;;;;;; -   ;1; -   ;;;
;01.01.06.02.001.28823;SER MONTAGEM E DESMONTAGEM DE BANDEJA SALVA VIDAS PRIMARIA;M;1;;;;;;;;;;;;;1; -   ; -   ;;;
;01.01.06.02.001.29038;AGUA RAZ;L;0;;;;;;;;;;;;; -   ; -   ; -   ;;;
;01.01.06.02.001.29128;MAO FRANCESA PARA BANDEJA PRIMARIA COM GANCHO E COM SARRAFO INTERNO;UN;151,19;;;;;;;;;;;;;151,19;109,61;16571,94;;;
;01.01.06.02.001.29139;COMPENSADO ANTIDERRAPANTE 2440 X 1220 X 20 MM;UN;161,64;;;;;;;;;;;;;161,64;112;18103,68;;;
;01.01.06.02.001.29425;VERBA PARA PROJETO COM ART;VB;1500;;;;;;;;;;;;;1500;1;1500;;;
;01.01.06.02.001.30044;VERBA PARA BANDEJAS DE SEGURANCA;VB;6902;;;;;;;;;;;;;6902;1;6902;;;
;01.01.06.02.001.30877;SARRAFO PINUS 2,0 X 7,0 CM;M;2,16;;;;;;;;;;;;;2,16; -   ; -   ;;;
;01.01.06.02.001.31234;SARRAFO PINUS 2,5 X 10,0 CM;M;0;;;;;;;;;;;;; -   ; -   ; -   ;;;
;01.01.06.02.001.31575;ROLO DE ESPUMA 23 CM;UN;0;;;;;;;;;;;;; -   ; -   ; -   ;;;
;01.01.06.02.001.31766;TINTA ESMALTE SINTETICO ACETINADO COLORIDO 2A LINHA;L;0;;;;;;;;;;;;; -   ; -   ; -   ;;;
;01.01.06.02.001.31889;SELADOR ACRILICO PARA PINTURA;L;0;;;;;;;;;;;;; -   ; -   ; -   ;;;
;01.01.06.02.001.35394;TINTA A OLEO 2A LINHA;L;0;;;;;;;;;;;;; -   ; -   ; -   ;;;
;01.01.06.02.001.35449;GANCHO DOBRADO VERGALHAO 5/8 POL;UN;151,19;;;;;;;;;;;;;151,19;4;604,76;;;
;01.01.06.02.002;BANDEJA SECUNDÁRIA;M;;;;;;;;;;;;;;;;168915,06;;;
;01.01.06.02.002.32362;"Cabo de Aço 1""";M;1,1;;;;;;;;;;;;;650,76;4,8;3123,65;;;
;01.01.06.02.002.27980;PREGO COMUM CABECA DUPLA 18 X 27 CM;KG;0,2;;;;;;;;;;;;;118,32;4,32;511,14;;;
;01.01.06.02.002.28001;SARRAFO PINUS 2,0 X 10,0 CM;M;0;;;;;;;;;;;;; -   ;1,37; -   ;;;
;01.01.06.02.002.28005;TABUA PINHO CUIABANO 2,0 X 25,0 CM;M;0;;;;;;;;;;;;; -   ; -   ; -   ;;;
;01.01.06.02.002.28009;TABUA PINUS 2,0 X 25,0 CM;M;0;;;;;;;;;;;;; -   ; -   ; -   ;;;
;01.01.06.02.002.28010;TABUA PINUS 2,0 X 30,0 CM;M;5;;;;;;;;;;;;;2958;4,87;14405,46;;;
;01.01.06.02.002.28019;COMPENSADO PLASTIFICADO 2440 X 1220 X 18 MM;UN;0;;;;;;;;;;;;; -   ;84,63; -   ;;;
;01.01.06.02.002.28675;SER FRETE;VB;0;;;;;;;;;;;;; -   ;1; -   ;;;
;01.01.06.02.002.28824;SER MONTAGEM E DESMONTAGEM DE BANDEJA SALVA VIDAS SECUNDARIA;M;0;;;;;;;;;;;;; -   ; -   ; -   ;;;
;01.01.06.02.002.29125;TINTA LATEX PVA 2A LINHA;L;2,1906;;;;;;;;;;;;;1295,96;0,5;647,98;;;
;01.01.06.02.002.29130;MAO FRANCESA PARA BANDEJA SECUNDARIA;UN;0,766667;;;;;;;;;;;;;453,56;67,21;30483,78;;;
;01.01.06.02.002.29139;COMPENSADO ANTIDERRAPANTE 2440 X 1220 X 20 MM;UN;0,819672;;;;;;;;;;;;;484,92;112;54310,81;;;
;01.01.06.02.002.29425;VERBA PARA PROJETO COM ART;VB;2,535496;;;;;;;;;;;;;1500;1;1500;;;
;01.01.06.02.002.30044;VERBA PARA BANDEJAS DE SEGURANCA;VB;105;;;;;;;;;;;;;62118;1;62118;;;
;01.01.06.02.002.30877;SARRAFO PINUS 2,0 X 7,0 CM;M;2,161212;;;;;;;;;;;;;1278,57; -   ; -   ;;;
;01.01.06.02.002.31234;SARRAFO PINUS 2,5 X 10,0 CM;M;0;;;;;;;;;;;;; -   ; -   ; -   ;;;
;01.01.06.02.002.35449;GANCHO DOBRADO VERGALHAO 5/8 POL;UN;0,766667;;;;;;;;;;;;;453,56;4;1814,24;;;
;01.01.06.02.003;MINI BANDEJA;M;;;;;;;;;;;;;;;;94516,34;;;
;01.01.06.02.003.35449;Gancho Horizontal de 300x100mm;PC;0,5;;;;;;;;;;;;;197,2;3;591,6;;;
;01.01.06.02.003.27980;PREGO COMUM CABECA DUPLA 18 X 27 CM;KG;0,2;;;;;;;;;;;;;78,88;4,32;340,76;;;
;01.01.06.02.003.27997;PONTALETE PINUS 7,0 X 7,0 CM;M;0,833333;;;;;;;;;;;;;328,67;3,35;1101,03;;;
;01.01.06.02.003.28010;TABUA PINUS 2,0 X 30,0 CM;M;1,1;;;;;;;;;;;;;433,84;4,87;2112,8;;;
;01.01.06.02.003.29425;VERBA PARA PROJETO COM ART;VB;3,80324;;;;;;;;;;;;;1500;1;1500;;;
;01.01.06.02.003.30297;SER MONTAGEM E DESMONTAGEM DE MINI BANDEJA;M;13,5;;;;;;;;;;;;;5324,4;7;37270,8;;;
;01.01.06.02.003.31594;GUARDA CORPO DE FERRO;M;0,5;;;;;;;;;;;;;197,2;95;18734;;;
;01.01.06.02.003.31959;SUPORTE PARA MINI BANDEJA COM TELA;M;1;;;;;;;;;;;;;394,4;83,33;32865,35;;;
;01.01.06.03;PROTEÇÔES PERIMETRAIS;;;;;;;;;;;;;;;;;145805,78;;;
;01.01.06.03.001;PROTEÇÃO PERIMETRAL DE VARANDAS;M;;;;;;;;;;;;;;;;22027,44;;;
;01.01.06.03.001.27980;PREGO COMUM CABECA DUPLA 18 X 27 CM;KG;0,2;;;;;;;;;;;;;252,67;4,32;1091,54;;;
;01.01.06.03.001.27997;PONTALETE PINUS 7,0 X 7,0 CM;M;3,456;;;;;;;;;;;;;4366,17;3,35;14626,68;;;
;01.01.06.03.001.28001;SARRAFO PINUS 2,0 X 10,0 CM;M;2,2;;;;;;;;;;;;;2779,39;1,37;3807,77;;;
;01.01.06.03.001.28166;TELA TAPUME LARANJA E BRANCA;M2;1,32;;;;;;;;;;;;;1667,64;1,5;2501,45;;;
;01.01.06.03.001.29125;TINTA LATEX PVA 2A LINHA;L;0;;;;;;;;;;;;; -   ;0,5; -   ;;;
;01.01.06.03.002;PROTEÇÃO PRÉ CONCRETAGEM;M;;;;;;;;;;;;;;;;15468,34;;;
;01.01.06.03.002.29425;VERBA PARA PROJETO COM ART;VB;7,606491;;;;;;;;;;;;;1500;1;1500;;;
;01.01.06.03.002.31270;GRADIL DE TELA METALICA 1,0 X 1,2 M;UN;0,5;;;;;;;;;;;;;98,6;95;9367;;;
;01.01.06.03.002.31271;HASTE DE APOIO PARA PROTECAO PRE CONCRETAGEM;UN;0,666667;;;;;;;;;;;;;131,47;35;4601,34;;;
;01.01.06.03.003;PROTEÇÃO PÓS CONCRETAGEM;M;;;;;;;;;;;;;;;;30947,2;;;
;01.01.06.03.003.31270;GRADIL DE TELA METALICA 1,0 X 1,2 M;UN;0,5;;;;;;;;;;;;;325,76;95;30947,2;;;
;01.01.06.03.004;PROTEÇÃO DE PERIFERIA;VB;;;;;;;;;;;;;;;;3500;;;
;01.01.06.03.004.29425;VERBA PARA PROJETO COM ART;VB;1500;;;;;;;;;;;;;1500;1;1500;;;
;01.01.06.03.004.29427;VERBA PARA PROTECAO DE PERIFERIA;VB;2000;;;;;;;;;;;;;2000;1;2000;;;
;01.01.06.03.005;PROTEÇÃO PERIMETRAL DE TALUDES E TUBULÕES;VB;;;;;;;;;;;;;;;;5000;;;
;01.01.06.03.005.29429;VERBA PARA PROTECAO DE TUBULAO;VB;5000;;;;;;;;;;;;;5000;1;5000;;;
;01.01.06.03.006;ENTELAMENTO DO PREDIO;VB;;;;;;;;;;;;;;;;53413,6;;;
;01.01.06.03.006.29163;VERBA PARA TELA DE PROTECAO DE FACHADA;VB;53413,6;;;;;;;;;;;;;53413,6;1;53413,6;;;
;01.01.06.03.007;LINHA DE VIDA - VARAL;VB;;;;;;;;;;;;;;;;15449,2;;;
;01.01.06.03.007.28463;CLIPE GALVANIZADO A FOGO 3/8 POL;UN;600;;;;;;;;;;;;;600;1,3;780;;;
;01.01.06.03.007.29425;VERBA PARA PROJETO COM ART;VB;1500;;;;;;;;;;;;;1500;1;1500;;;
;01.01.06.03.007.31271;HASTE DE APOIO PARA PROTECAO PRE CONCRETAGEM;UN;243,531428;;;;;;;;;;;;;243,53;35;8523,6;;;
;01.01.06.03.007.32361;TUBO METALICO PARA LINHA DE VIDA 7,50 M;UN;0;;;;;;;;;;;;; -   ; -   ; -   ;;;
;01.01.06.03.007.32362;CABO DE ACO 1/2 POL;M;750;;;;;;;;;;;;;750;4,8;3600;;;
;01.01.06.03.007.32798;CABO DE ACO 3/8 POL;M;0;;;;;;;;;;;;; -   ; -   ; -   ;;;
;01.01.06.03.007.32802;ABRACADEIRA PARA HASTE DE LINHA DE VIDA;UN;40;;;;;;;;;;;;;40;26,14;1045,6;;;
;01.01.06.03.007.32803;BARRA DE TRAVAMENTO PARA LINHA DE VIDA;UN;0;;;;;;;;;;;;; -   ; -   ; -   ;;;
;01.01.06.03.007.33826;ESTICADOR PARA CABO DE ACO 3/8 POL;UN;0;;;;;;;;;;;;; -   ; -   ; -   ;;;
;01.01.06.04;PROTEÇÕES PARA ELEVADOR/ESCADA/RAMPAS/GALERIAS;;;;;;;;;;;;;;;;;25615,76;;;
;01.01.06.04.001;PROTEÇÃO DE FOSSO DE ELEVADOR - TELA Q92;VB;;;;;;;;;;;;;;;;3139,85;;;
;01.01.06.04.001.27967;TELA Q 92 2,45 X 6,00 M MALHA 15 X 15 CM FIO 4,2 MM 1,48 KG/M2;KG;975,11;;;;;;;;;;;;;975,11;3,22;3139,85;;;
;01.01.06.04.001.27980;PREGO COMUM CABECA DUPLA 18 X 27 CM;KG;0;;;;;;;;;;;;; -   ;4,32; -   ;;;
;01.01.06.04.001.27997;PONTALETE PINUS 7,0 X 7,0 CM;M;0;;;;;;;;;;;;; -   ;3,35; -   ;;;
;01.01.06.04.001.28001;SARRAFO PINUS 2,0 X 10,0 CM;M;0;;;;;;;;;;;;; -   ;1,37; -   ;;;
;01.01.06.04.001.28166;TELA TAPUME LARANJA E BRANCA;M2;0;;;;;;;;;;;;; -   ;1,5; -   ;;;
;01.01.06.04.001.29014;COMPENSADO RESINADO COLA BRANCA 2200 X 1100 X 09 MM;UN;0;;;;;;;;;;;;; -   ; -   ; -   ;;;
;01.01.06.04.001.29125;TINTA LATEX PVA 2A LINHA;L;0;;;;;;;;;;;;; -   ;0,5; -   ;;;
;01.01.06.04.002;PROTEÇÃO DE ELEVADOR ANTES DA ALVENARIA;VB;;;;;;;;;;;;;;;;1520;;;
;01.01.06.04.002.31270;GRADIL DE TELA METALICA 1,0 X 1,2 M;UN;16;;;;;;;;;;;;;16;95;1520;;;
;01.01.06.04.003;PROTEÇÃO DA PORTA;VB;;;;;;;;;;;;;;;;6400;;;
;01.01.06.04.003.33793;VERBA PARA PROTECAO DE TELA DO ELEVADOR;VB;6400;;;;;;;;;;;;;6400;1;6400;;;
;01.01.06.04.004;GALERIAS DE ACESSO;VB;;;;;;;;;;;;;;;;5000;;;
;01.01.06.04.004.27982;PREGO COMUM COM CABECA 18 X 27 CM;KG;0;;;;;;;;;;;;; -   ;4,32; -   ;;;
;01.01.06.04.004.27997;PONTALETE PINUS 7,0 X 7,0 CM;M;0;;;;;;;;;;;;; -   ;3,35; -   ;;;
;01.01.06.04.004.28001;SARRAFO PINUS 2,0 X 10,0 CM;M;0;;;;;;;;;;;;; -   ;1,37; -   ;;;
;01.01.06.04.004.28019;COMPENSADO PLASTIFICADO 2440 X 1220 X 18 MM;UN;0;;;;;;;;;;;;; -   ;84,63; -   ;;;
;01.01.06.04.004.28166;TELA TAPUME LARANJA E BRANCA;M2;0;;;;;;;;;;;;; -   ;1,5; -   ;;;
;01.01.06.04.004.29125;TINTA LATEX PVA 2A LINHA;L;0;;;;;;;;;;;;; -   ;0,5; -   ;;;
;01.01.06.04.004.31916;SER MONTAGEM ESTRUTURA METALICA PARA GALERIA DE ACESSO;UN;5000;;;;;;;;;;;;;5000;1;5000;;;
;01.01.06.04.005;GUARDA CORPO DA ESCADARIA;VB;;;;;;;;;;;;;;;;5730,11;;;
;01.01.06.04.005.27980;PREGO COMUM CABECA DUPLA 18 X 27 CM;KG;12;;;;;;;;;;;;;12;4,32;51,84;;;
;01.01.06.04.005.27997;PONTALETE PINUS 7,0 X 7,0 CM;M;360;;;;;;;;;;;;;360;3,35;1206;;;
;01.01.06.04.005.28001;SARRAFO PINUS 2,0 X 10,0 CM;M;2365,2;;;;;;;;;;;;;2365,2;1,37;3240,32;;;
;01.01.06.04.005.28166;TELA TAPUME LARANJA E BRANCA;M2;821,3;;;;;;;;;;;;;821,3;1,5;1231,95;;;
;01.01.06.04.005.33793;VERBA PARA PROTECAO DE TELA DO ELEVADOR;VB;0;;;;;;;;;;;;; -   ;1; -   ;;;
;01.01.06.04.006;PROTEÇÃO PARA INSTALAÇÃO DO ELEVADOR;VB;;;;;;;;;;;;;;;;3825,8;;;
;01.01.06.04.006.27980;PREGO COMUM CABECA DUPLA 18 X 27 CM;KG;25,6;;;;;;;;;;;;;25,6;4,32;110,59;;;
;01.01.06.04.006.27997;PONTALETE PINUS 7,0 X 7,0 CM;M;737,28;;;;;;;;;;;;;737,28;3,35;2469,89;;;
;01.01.06.04.006.28001;SARRAFO PINUS 2,0 X 10,0 CM;M;576;;;;;;;;;;;;;576;1,37;789,12;;;
;01.01.06.04.006.28166;TELA TAPUME LARANJA E BRANCA;M2;304,13;;;;;;;;;;;;;304,13;1,5;456,2;;;
;01.01.06.04.006.33793;VERBA PARA PROTECAO DE TELA DO ELEVADOR;VB;0;;;;;;;;;;;;; -   ;1; -   ;;;
;01.01.06.05;PROTEÇÃO NOS ARRANQUES DOS PILARES;;;;;;;;;;;;;;;;;12000;;;
;01.01.06.05.001;PROTEÇÃO NOS ARRANQUES DOS PILARES;VB;;;;;;;;;;;;;;;;12000;;;
;01.01.06.05.001.29161;VERBA PARA PROTECAO DE ARRANQUE DE PILARES;VB;12000;;;;;;;;;;;;;12000;1;12000;;;
;01.01.06.06;PROTEÇÃO CONTRA INCÊNDIO;;;;;;;;;;;;;;;;;13000;;;
;01.01.06.06.001;EXTINTORES;VB;;;;;;;;;;;;;;;;8000;;;
;01.01.06.06.001.28456;EXTINTOR AGUA PRESSURIZADA 10 L AP10L COM SUPORTE DE PAREDE;UN;10;;;;;;;;;;;;;10;100;1000;;;
;01.01.06.06.001.28457;EXTINTOR CO2 6 KG COM SUPORTE DE PAREDE;UN;14;;;;;;;;;;;;;14;350;4900;;;
;01.01.06.06.001.28458;EXTINTOR PQS 4 KG COM SUPORTE DE PAREDE;UN;14;;;;;;;;;;;;;14;150;2100;;;
;01.01.06.06.002;SINALIZAÇÃO DE SEGURANÇA;VB;;;;;;;;;;;;;;;;5000;;;
;01.01.06.06.002.30754;VERBA PARA ITENS DE SEGURANCA;VB;5000;;;;;;;;;;;;;5000;1;5000;;;
;01.01.06.07;EXAMES E TREINAMENTOS;;;;;;;;;;;;;;;;;17395;;;
;01.01.06.07.001;PCMAT/PPRA/PCMSO/RENOVAÇÕES;VB;;;;;;;;;;;;;;;;4895;;;
;01.01.06.07.001.28665;PCMAT PPRA PCMSO E RENOVACOES;VB;4895;;;;;;;;;;;;;4895;1;4895;;;
;01.01.06.07.002;EXAME MÉDICO ADMISSIONAL/DEMISSIONAL;UN;;;;;;;;;;;;;;;;7000;;;
;01.01.06.07.002.28664;EXAME MEDICO ADMISSIONAL E DEMISSIONAL;UN;7000;;;;;;;;;;;;;7000;1;7000;;;
;01.01.06.07.003;TREINAMENTOS DE SEGURANÇA;VB;;;;;;;;;;;;;;;;5500;;;
;01.01.06.07.003.29160;TREINAMENTO DE SEGURANCA;VB;5500;;;;;;;;;;;;;5500;1;5500;;;
;01.01.07;OPERAÇÃO DO CANTEIRO / LOGÍSTICA;;;;;;;;;;;;;;;;;854363,43;;;
;01.01.07.01;GRUA;;;;;;;;;;;;;;;;;319348;;;
;01.01.07.01.001;LOCAÇÃO DE GRUA;MÊS;;;;;;;;;;;;;;;;319348;;;
;01.01.07.01.001.28675;SER FRETE;VB;0;;;;;;;;;;;;; -   ;1; -   ;;;
;01.01.07.01.001.28714;CAFE DA MANHA EQUIPE PRODUCAO;VB;0;;;;;;;;;;;;; -   ;1; -   ;;;
;01.01.07.01.001.28718;VALE TRANSPORTE;VB;0;;;;;;;;;;;;; -   ;1; -   ;;;
;01.01.07.01.001.28767;MANUTENCAO CORRETIVA DE EQUIPAMENTO VISITA;VB;0;;;;;;;;;;;;; -   ;1; -   ;;;
;01.01.07.01.001.28768;VISITA TECNICA PARA MANUTENCAO PREVENTIVA DE EQUIPAMENTO;VB;0;;;;;;;;;;;;; -   ;1; -   ;;;
;01.01.07.01.001.28961;LOC GRUA ASCENCIONAL 15 M 1500 KG;MÊS;1;;;;;;;;;;;;;12;20704;248448;;;
;01.01.07.01.001.29090;SEGURO DE VIDA;VB;0;;;;;;;;;;;;; -   ;1; -   ;;;
;01.01.07.01.001.29431;VERBA PARA MONTAGEM INICIAL E DESMONTAGEM DA MINI GRUA;VB;0;;;;;;;;;;;;; -   ;1; -   ;;;
;01.01.07.01.001.29432;VERBA PARA OPERADOR;VB;2700;;;;;;;;;;;;;32400;1;32400;;;
;01.01.07.01.001.32831;LOC GUINDASTE 70 TONELADAS;H;0;;;;;;;;;;;;; -   ; -   ; -   ;;;
;01.01.07.01.001.35096;SER MANUTENCAO MENSAL PREVENTIVA DE EQUIPAMENTO;MÊS;0;;;;;;;;;;;;; -   ; -   ; -   ;;;
;01.01.07.01.001.35097;SER ASCENSAO DE GRUA;UN;0;;;;;;;;;;;;; -   ; -   ; -   ;;;
;01.01.07.01.001.35098;SER MONTAGEM DE GRUA;UN;816,6666;;;;;;;;;;;;;9800;1;9800;;;
;01.01.07.01.001.35099;SER DESMONTAGEM DE GRUA;UN;2391,67;;;;;;;;;;;;;28700;1;28700;;;
;01.01.07.01.001.35102;VERBA PARA SINALEIRO DE GRUA;VB;0;;;;;;;;;;;;; -   ;1; -   ;;;
;01.01.07.02;ELEVADOR CREMALHEIRA;;;;;;;;;;;;;;;;;338735,43;;;
;01.01.07.02.001;CREMALHEIRA DUPLA 1ª CABINE;MÊS;;;;;;;;;;;;;;;;232516,95;;;
;01.01.07.02.001.28675;SER FRETE;VB;0;;;;;;;;;;;;; -   ;1; -   ;;;
;01.01.07.02.001.28714;CAFE DA MANHA EQUIPE PRODUCAO;VB;156,54;;;;;;;;;;;;;3130,8;1;3130,8;;;
;01.01.07.02.001.28718;VALE TRANSPORTE;VB;225,4176;;;;;;;;;;;;;4508,35;1;4508,35;;;
;01.01.07.02.001.28767;MANUTENCAO CORRETIVA DE EQUIPAMENTO VISITA;VB;0;;;;;;;;;;;;; -   ;1; -   ;;;
;01.01.07.02.001.28925;SER DESMONTAGEM DO ELEVADOR CREMALHEIRA;UN;0;;;;;;;;;;;;; -   ; -   ; -   ;;;
;01.01.07.02.001.28926;SER MONTAGEM DE ELEVADOR CREMALHEIRA 1A CABINE;UN;0;;;;;;;;;;;;; -   ; -   ; -   ;;;
;01.01.07.02.001.28955;LOC CREMALHEIRA CABINE SIMPLES CAPACIDADE 2000 KG;MÊS;1;;;;;;;;;;;;;20;8000;160000;;;
;01.01.07.02.001.28963;LOC MUNCK CAPACIDADE 10 TON LANCA 17 M;H;0;;;;;;;;;;;;; -   ; -   ; -   ;;;
;01.01.07.02.001.29090;SEGURO DE VIDA;VB;3,89;;;;;;;;;;;;;77,8;1;77,8;;;
;01.01.07.02.001.29432;VERBA PARA OPERADOR;VB;3240;;;;;;;;;;;;;64800;1;64800;;;
;01.01.07.02.001.30924;SER MANUTENCAO MENSAL DE EQUIPAMENTO;VB;0;;;;;;;;;;;;; -   ;1; -   ;;;
;01.01.07.02.001.31094;SER TREINAMENTO DE OPERADOR DE EQUIPAMENTO;VB;0;;;;;;;;;;;;; -   ;1; -   ;;;
;01.01.07.02.002;FUNDAÇÃO CREMALHEIRA;UN;;;;;;;;;;;;;;;;21960;;;
;01.01.07.02.002.27635;CIMENTO CP II E 32;KG;0;;;;;;;;;;;;; -   ;0,37; -   ;;;
;01.01.07.02.002.27934;ACO CA 50 12,5 MM 0,963 KG/M CORTADO E DOBRADO;KG;400;;;;;;;;;;;;;800;2,6;2080;;;
;01.01.07.02.002.28208;AREIA MEDIA;M3;0;;;;;;;;;;;;; -   ;48,5; -   ;;;
;01.01.07.02.002.28548;SER CONCRETO USINADO FCK 25 MPA BRITA 1 SLUMP 8 +/- 1;M3;0;;;;;;;;;;;;; -   ;186; -   ;;;
;01.01.07.02.002.28561;SER CONCRETO USINADO FCK 30 MPA BRITA 1 SLUMP 10 +/- 2;M3;20;;;;;;;;;;;;;40;197;7880;;;
;01.01.07.02.002.28724;SER TAXA DE BOMBEAMENTO DE CONCRETO;M3;0;;;;;;;;;;;;; -   ;20; -   ;;;
;01.01.07.02.002.28920;SER EXECUCAO DE LASTRO DE BRITA;M3;0;;;;;;;;;;;;; -   ; -   ; -   ;;;
;01.01.07.02.002.29174;SER ESCAVACAO MECANIZADA CORTE COM BOTA FORA;M3;0;;;;;;;;;;;;; -   ;7,5; -   ;;;
;01.01.07.02.002.29905;SER EXECUCAO DE FUNDACAO DE CREMALHEIRA;M3;20;;;;;;;;;;;;;40;300;12000;;;
;01.01.07.02.002.30214;RESINA SINTETICA DE ALTO DESEMPENHO;KG;0;;;;;;;;;;;;; -   ; -   ; -   ;;;
;01.01.07.02.003;OPERADOR ELEVADOR;VB;;;;;;;;;;;;;;;;18000;;;
;01.01.07.02.003.29324;VERBA PARA OPERADOR DE ELEVADOR;VB;18000;;;;;;;;;;;;;18000;1;18000;;;
;01.01.07.02.004;CREMALHEIRA DUPLA 2ª CABINE;MÊS;;;;;;;;;;;;;;;;66258,48;;;
;01.01.07.02.004.28675;SER FRETE;VB;0;;;;;;;;;;;;; -   ;1; -   ;;;
;01.01.07.02.004.28714;CAFE DA MANHA EQUIPE PRODUCAO;VB;156,54;;;;;;;;;;;;;1565,4;1;1565,4;;;
;01.01.07.02.004.28718;VALE TRANSPORTE;VB;225,4176;;;;;;;;;;;;;2254,18;1;2254,18;;;
;01.01.07.02.004.28767;MANUTENCAO CORRETIVA DE EQUIPAMENTO VISITA;VB;0;;;;;;;;;;;;; -   ;1; -   ;;;
;01.01.07.02.004.28925;SER DESMONTAGEM DO ELEVADOR CREMALHEIRA;UN;0;;;;;;;;;;;;; -   ; -   ; -   ;;;
;01.01.07.02.004.28926;SER MONTAGEM DE ELEVADOR CREMALHEIRA 1A CABINE;UN;0;;;;;;;;;;;;; -   ; -   ; -   ;;;
;01.01.07.02.004.28954;LOC CREMALHEIRA CABINE DUPLA CAPACIDADE 2000 KG;MÊS;1;;;;;;;;;;;;;10;3000;30000;;;
;01.01.07.02.004.28955;LOC CREMALHEIRA CABINE SIMPLES CAPACIDADE 2000 KG;MÊS;0;;;;;;;;;;;;; -   ;8000; -   ;;;
;01.01.07.02.004.28963;LOC MUNCK CAPACIDADE 10 TON LANCA 17 M;H;0;;;;;;;;;;;;; -   ; -   ; -   ;;;
;01.01.07.02.004.29090;SEGURO DE VIDA;VB;3,89;;;;;;;;;;;;;38,9;1;38,9;;;
;01.01.07.02.004.29432;VERBA PARA OPERADOR;VB;3240;;;;;;;;;;;;;32400;1;32400;;;
;01.01.07.02.004.30924;SER MANUTENCAO MENSAL DE EQUIPAMENTO;VB;0;;;;;;;;;;;;; -   ;1; -   ;;;
;01.01.07.02.004.31094;SER TREINAMENTO DE OPERADOR DE EQUIPAMENTO;VB;0;;;;;;;;;;;;; -   ;1; -   ;;;
;01.01.07.03;FERRAMENTAS;;;;;;;;;;;;;;;;;35000;;;
;01.01.07.03.001;LOCAÇÃO E COMPRA DE FERRAMENTAS;VB;;;;;;;;;;;;;;;;20000;;;
;01.01.07.03.001.29164;VERBA PARA FERRAMENTAS E EQUIPAMENTOS;VB;20000;;;;;;;;;;;;;20000;1;20000;;;
;01.01.07.03.002;EQUIPAMENTOS DE APOIO A LOGISTICA;VB;;;;;;;;;;;;;;;;15000;;;
;01.01.07.03.002.29164;VERBA PARA FERRAMENTAS E EQUIPAMENTOS;VB;15000;;;;;;;;;;;;;15000;1;15000;;;
;01.01.07.04;BALANCINS;;;;;;;;;;;;;;;;;88780;;;
;01.01.07.04.001;LOCAÇÃO DE BALANCINS;MÊS;;;;;;;;;;;;;;;;88780;;;
;01.01.07.04.001.28675;SER FRETE;VB;125;;;;;;;;;;;;;2000;1;2000;;;
;01.01.07.04.001.28766;MANUTENCAO CORRETIVA DE EQUIPAMENTO HORAS;VB;312,5;;;;;;;;;;;;;5000;1;5000;;;
;01.01.07.04.001.28928;SER MONTAGEM E DESMONTAGEM DE BALANCIM;UN;1,75;;;;;;;;;;;;;28;760;21280;;;
;01.01.07.04.001.28941;LOC BALANCIM MANUAL 1,0 M;MÊS;3;;;;;;;;;;;;;48;255;12240;;;
;01.01.07.04.001.28942;LOC BALANCIM MANUAL 1,5 M;MÊS;0;;;;;;;;;;;;; -   ; -   ; -   ;;;
;01.01.07.04.001.28943;LOC BALANCIM MANUAL 2,0 M;MÊS;0;;;;;;;;;;;;; -   ; -   ; -   ;;;
;01.01.07.04.001.28944;LOC BALANCIM MANUAL 2,5 M;MÊS;0;;;;;;;;;;;;; -   ; -   ; -   ;;;
;01.01.07.04.001.28945;LOC BALANCIM MANUAL 3,0 M;MÊS;1;;;;;;;;;;;;;16;255;4080;;;
;01.01.07.04.001.28946;LOC BALANCIM MANUAL 5,5 M;MÊS;3;;;;;;;;;;;;;48;255;12240;;;
;01.01.07.04.001.28947;LOC BALANCIM MANUAL 6,0 M;MÊS;12;;;;;;;;;;;;;192; -   ; -   ;;;
;01.01.07.04.001.28948;LOC BALANCIM MANUAL 8,0 M;MÊS;2;;;;;;;;;;;;;32;255;8160;;;
;01.01.07.04.001.28949;LOC BALANCIM MANUAL EM L 3,0 X 1,5 M;MÊS;2;;;;;;;;;;;;;32;315;10080;;;
;01.01.07.04.001.28950;LOC BALANCIM MANUAL EM L 3,0 X 3,0 M;MÊS;1;;;;;;;;;;;;;16;315;5040;;;
;01.01.07.04.001.29321;TAXA ART;VB;31,25;;;;;;;;;;;;;500;1;500;;;
;01.01.07.04.001.35351;LOC BALANCIM MANUAL 4,0 M;MÊS;2;;;;;;;;;;;;;32;255;8160;;;
;01.01.07.05;ANDAIMES FACHADEIROS;;;;;;;;;;;;;;;;;10000;;;
;01.01.07.05.001;ANDAIMES FACHADEIROS;VB;;;;;;;;;;;;;;;;10000;;;
;01.01.07.05.001.29312;VERBA PARA ANDAIMES;VB;10000;;;;;;;;;;;;;10000;1;10000;;;
;01.01.07.06;GUINDASTE PARA TRANSPORTE VERTICAL;;;;;;;;;;;;;;;;;17000;;;
;01.01.07.06.001;LOCAÇÃO DE GUINDASTE;VB;;;;;;;;;;;;;;;;17000;;;
;01.01.07.06.001.29318;LOC GUINDASTE 70 TONELADAS;DIA;17;;;;;;;;;;;;;17;1000;17000;;;
;01.01.07.07;EMPILHADEIRA;;;;;;;;;;;;;;;;;45500;;;
;01.01.07.07.001;LOCAÇÃO DE EMPILHADEIRA;MÊS;;;;;;;;;;;;;;;;45500;;;
;01.01.07.07.001.28957;LOC EMPILHADEIRA 2500 KG COM PNEU NORMAL GARFO NORMAL;MÊS;1;;;;;;;;;;;;;13;3500;45500;;;
;01.01.08;TRANSPORTE E LIMPEZA;;;;;;;;;;;;;;;;;203100,4;;;
;01.01.08.01;TRANSPORTE E LIMPEZA;;;;;;;;;;;;;;;;;203100,4;;;
;01.01.08.01.001;CARRETOS;VB;;;;;;;;;;;;;;;;15000;;;
;01.01.08.01.001.29114;SER CARRETO;VB;15000;;;;;;;;;;;;;15000;1;15000;;;
;01.01.08.01.002;CAÇAMBAS PARA ENTULHO;VB;;;;;;;;;;;;;;;;184600,4;;;
;01.01.08.01.002.28931;LOC CACAMBA;M3;934,62;;;;;;;;;;;;;934,62;46;42992,52;;;
;01.01.08.01.002.28932;LOC CACAMBA CLASSE B;M3;934,62;;;;;;;;;;;;;934,62;46;42992,52;;;
;01.01.08.01.002.28933;LOC CACAMBA CLASSE C;M3;539,2;;;;;;;;;;;;;539,2;37,67;20311,66;;;
;01.01.08.01.002.28934;LOC CACAMBA GESSO;M3;1186,24;;;;;;;;;;;;;1186,24;66,01;78303,7;;;
;01.01.08.01.003;ABASTECIMENTO DE AGUA - LIMPEZA;M3;;;;;;;;;;;;;;;;3500;;;
;01.01.08.01.003.28930;SER CAMINHAO PIPA AGUA NAO POTAVEL;M3;100;;;;;;;;;;;;;100;35;3500;;;
;01.02;CUSTO DIRETO;;;;;;;;;;;;;;;;;36073345,35;;;
;01.02.01;SERVIÇOS PRELIMINARES;;;;;;;;;;;;;;;;; -   ;;;
;01.02.01.01;SERVIÇOS PRELIMINARES;;;;;;;;;;;;;;;;; -   ;;;
;01.02.01.01.002;SERVIÇOS PRELIMINARES;VB;;;;;;;;;;;;;;;; -   ;;;
;01.02.01.01.002.28671;SER COPIAS E PLOTAGENS;VB;0;;;;;;;;;;;;; -   ;1; -   ;;;
;01.02.01.01.002.28732;SER LIMPEZA E RASPAGEM DO TERRENO;M2;0;;;;;;;;;;;;; -   ; -   ; -   ;;;
;01.02.02;PREPARO DE TERRENO;;;;;;;;;;;;;;;;;209345,43;;;
;01.02.02.01;LIMPEZA DO TERRENO;;;;;;;;;;;;;;;;; -   ;;;
;01.02.02.01.001;LIMPEZA E RASPAGEM DO TERRENO;M2;;;;;;;;;;;;;;;; -   ;;;
;01.02.02.01.001.28732;SER LIMPEZA E RASPAGEM DO TERRENO;M2;1;;;;;;;;;;;;; -   ; -   ; -   ;;;
;01.02.02.02;LOCAÇÃO DA OBRA;;;;;;;;;;;;;;;;;26533,43;;;
;01.02.02.02.001;EQUIPE TOPOGRÁFICA;DIA;;;;;;;;;;;;;;;;20309;;;
;01.02.02.02.001.29173;SER DIARIA TOPOGRAFIA;DIA;1;;;;;;;;;;;;;23;883;20309;;;
;01.02.02.02.002;GABARITO;M;;;;;;;;;;;;;;;;6224,43;;;
;01.02.02.02.002.27976;ARAME RECOZIDO TORCIDO BWG N 18 FIO 1,25 MM 0,010 KG/M;KG;0,04995;;;;;;;;;;;;;13,34;4,53;60,43;;;
;01.02.02.02.002.27982;PREGO COMUM COM CABECA 18 X 27 CM;KG;0,1;;;;;;;;;;;;;26,71;4,32;115,37;;;
;01.02.02.02.002.27999;SARRAFO PINHO CUIABANO 2,0 X 10,0 CM;M;0,75;;;;;;;;;;;;;200,3;1,37;274,4;;;
;01.02.02.02.002.28000;SARRAFO PINHO CUIABANO 2,0 X 7,0 CM;M;1,004668;;;;;;;;;;;;;268,31;1,5;402,46;;;
;01.02.02.02.002.28006;TABUA PINHO CUIABANO 2,0 X 30,0 CM;M;1,1;;;;;;;;;;;;;293,77;4,87;1430,64;;;
;01.02.02.02.002.28548;SER CONCRETO USINADO FCK 25 MPA BRITA 1 SLUMP 8 +/- 1;M3;0,01;;;;;;;;;;;;;2,67;186;496,73;;;
;01.02.02.02.002.28826;SER EXECUCAO DE GABARITO;M;1;;;;;;;;;;;;;267,06;10;2670,6;;;
;01.02.02.02.002.29125;TINTA LATEX PVA 2A LINHA;L;0,1;;;;;;;;;;;;;26,71;0,5;13,35;;;
;01.02.02.02.002.29172;PONTALETE PINHO CUIABANO 7,0 X 7,0 CM;M;0,85;;;;;;;;;;;;;227;3,35;760,45;;;
;01.02.02.03;MOVIMENTAÇÃO DE TERRA;;;;;;;;;;;;;;;;;182812;;;
;01.02.02.03.001;ESCAVAÇÃO MECANIZADA NO CORTE;M3;;;;;;;;;;;;;;;;148131;;;
;01.02.02.03.001.29174;SER ESCAVACAO MECANIZADA CORTE COM BOTA FORA;M3;1;;;;;;;;;;;;;19750,8;7,5;148131;;;
;01.02.02.03.002;ESCAVAÇÃO MECANIZADA NO TALUDE E ACERTO FINO ULTIMO SUBSOLO;VB;;;;;;;;;;;;;;;;16000;;;
;01.02.02.03.002.30639;Escavação mecânica (corte mecanizado do terreno);M3;1;;;;;;;;;;;;;1;16000;16000;;;
;01.02.02.03.003;ATERRO COMPACTADO;M3;;;;;;;;;;;;;;;;3681;;;
;01.02.02.03.003.29193;SER ATERRO MECANIZADO COMPACTADO SEM EMPRESTIMO DE TERRA;M3;1;;;;;;;;;;;;;409;9;3681;;;
;01.02.02.03.004;PROTEÇÃO DE TALUDE;VB;;;;;;;;;;;;;;;;15000;;;
;01.02.02.03.004.29428;VERBA PARA PROTECAO DE TALUDE;VB;1;;;;;;;;;;;;;15000;1;15000;;;
;01.02.03;FUNDAÇÕES;;;;;;;;;;;;;;;;;875880,15;;;
;01.02.03.01;TUBULÕES / ESTACAS;;;;;;;;;;;;;;;;;278339,17;;;
;01.02.03.01.001;ESCAVAÇÃO MECÂNICA DE TUBULÃO;VB;;;;;;;;;;;;;;;;26130;;;
;01.02.03.01.001.28801;SER ESCAVACAO MECANICA DE FUSTE TUBULAO 100 CM;M;10;;;;;;;;;;;;;10;67;670;;;
;01.02.03.01.001.28803;SER ESCAVACAO MECANICA DE FUSTE TUBULAO 130 CM;M;10;;;;;;;;;;;;;10;115;1150;;;
;01.02.03.01.001.28804;SER ESCAVACAO MECANICA DE FUSTE TUBULAO 140 CM;M;55;;;;;;;;;;;;;55;153;8415;;;
;01.02.03.01.001.28806;SER ESCAVACAO MECANICA DE FUSTE TUBULAO 70 CM;M;395;;;;;;;;;;;;;395;33;13035;;;
;01.02.03.01.001.28807;SER ESCAVACAO MECANICA DE FUSTE TUBULAO 80 CM;M;65;;;;;;;;;;;;;65;44;2860;;;
;01.02.03.01.002;ALARGAMENTO DE BASE DE TUBULÃO;VB;;;;;;;;;;;;;;;;35297,56;;;
;01.02.03.01.002.28809;SER EXECUCAO DE ALARGAMENTO DE BASE DE TUBULAO 0,50 < V < 1,00 M3;UN;13;;;;;;;;;;;;;13;198;2574;;;
;01.02.03.01.002.28810;SER EXECUCAO DE ALARGAMENTO DE BASE DE TUBULAO V <= 0,50 M3;UN;27;;;;;;;;;;;;;27;142;3834;;;
;01.02.03.01.002.28811;SER EXECUCAO DE ALARGAMENTO DE BASE DE TUBULAO V >= 1,00 M3;M3;142,22;;;;;;;;;;;;;142,22;198;28159,56;;;
;01.02.03.01.002.32927;SER LIMPEZA MANUAL DE TUBULAO;UN;10;;;;;;;;;;;;;10;73;730;;;
;01.02.03.01.003;RETIRADA DO MATERIAL ESCAVADA;M3;;;;;;;;;;;;;;;;5264,99;;;
;01.02.03.01.003.28727;SER BOTA FORA DE TERRA ESCAVADA;M3;1,3;;;;;;;;;;;;;752,14;7;5264,99;;;
;01.02.03.01.004;APOIO PARA RETIRADA DO MATERIAL ESCAVADO;VB;;;;;;;;;;;;;;;;29000,1;;;
;01.02.03.01.004.28968;LOC RETROESCAVADEIRA COM COMBUSTIVEL;DIA;30;;;;;;;;;;;;;30;966,67;29000,1;;;
;01.02.03.01.005;ARMAÇÃO PARA TUBULÃO;VB;;;;;;;;;;;;;;;;47981,82;;;
;01.02.03.01.005.27934;ACO CA 50 12,5 MM 0,963 KG/M CORTADO E DOBRADO;KG;3582,86;;;;;;;;;;;;;3582,86;2,6;9315,44;;;
;01.02.03.01.005.27936;ACO CA 50 16,0 MM 1,578 KG/M CORTADO E DOBRADO;KG;2131,43;;;;;;;;;;;;;2131,43;2,6;5541,72;;;
;01.02.03.01.005.27938;ACO CA 50 20,0 MM 2,466 KG/M CORTADO E DOBRADO;KG;4368,57;;;;;;;;;;;;;4368,57;2,6;11358,28;;;
;01.02.03.01.005.27944;ACO CA 50 6,3 MM 0,245 KG/M CORTADO E DOBRADO;KG;1021,43;;;;;;;;;;;;;1021,43;2,83;2890,65;;;
;01.02.03.01.005.27946;ACO CA 50 8,0 MM 0,395 KG/M CORTADO E DOBRADO;KG;1525,71;;;;;;;;;;;;;1525,71;2,83;4317,76;;;
;01.02.03.01.005.27976;ARAME RECOZIDO TORCIDO BWG N 18 FIO 1,25 MM 0,010 KG/M;KG;63,15;;;;;;;;;;;;;63,15;4,53;286,07;;;
;01.02.03.01.005.28185;ESPACADOR PLASTICO CIRCULAR 25 MM;UN;25260;;;;;;;;;;;;;25260;0,05;1263;;;
;01.02.03.01.005.28819;SER MONTAGEM E LANCAMENTO DE ACO EM FUNDACAO;KG;12630;;;;;;;;;;;;;12630;1,03;13008,9;;;
;01.02.03.01.006;CONCRETO 20 MPA SLUMP 8+-1;M3;;;;;;;;;;;;;;;;128144,38;;;
;01.02.03.01.006.28529;SER CONCRETO USINADO FCK 20 MPA BRITA 1 SLUMP 8 +/- 1;M3;1,1;;;;;;;;;;;;;542,15;180;97586,87;;;
;01.02.03.01.006.28724;SER TAXA DE BOMBEAMENTO DE CONCRETO;M3;1,1;;;;;;;;;;;;;542,15;20;10842,99;;;
;01.02.03.01.006.28919;SER LANCAMENTO DE CONCRETO EM FUNDACOES E CONTENCOES;M3;1;;;;;;;;;;;;;492,86;40;19714,52;;;
;01.02.03.01.007;CONCRETO 35 MPA SLUMP 10+-2 - FRETAGEM;M3;;;;;;;;;;;;;;;;6520,32;;;
;01.02.03.01.007.28580;SER CONCRETO USINADO FCK 35 MPA BRITA 1 SLUMP 10 +/- 2;M3;1,05;;;;;;;;;;;;;24,23;211;5112,64;;;
;01.02.03.01.007.28724;SER TAXA DE BOMBEAMENTO DE CONCRETO;M3;1,05;;;;;;;;;;;;;24,23;20;484,61;;;
;01.02.03.01.007.28919;SER LANCAMENTO DE CONCRETO EM FUNDACOES E CONTENCOES;M3;1;;;;;;;;;;;;;23,08;40;923,07;;;
;01.02.03.02;BLOCOS / BALDRAMES;;;;;;;;;;;;;;;;;106327,8;;;
;01.02.03.02.001;FABRICAÇÃO / MONTAGEM FORMA - VIGA DE TRAVAMENTO ( REAPROVEITAMENTO 4X);M2;;;;;;;;;;;;;;;;6113,9;;;
;01.02.03.02.001.27972;ARAME RECOZIDO TORCIDO BWG N 12 FIO 2,77 MM 0,047 KG/M;KG;0,18;;;;;;;;;;;;;9;4,53;40,77;;;
;01.02.03.02.001.27980;PREGO COMUM CABECA DUPLA 18 X 27 CM;KG;0,2;;;;;;;;;;;;;10;4,32;43,2;;;
;01.02.03.02.001.27981;PREGO COMUM COM CABECA 17 X 21 CM;KG;0,0535;;;;;;;;;;;;;2,68;4,32;11,56;;;
;01.02.03.02.001.27994;PONTALETE EUCALIPTO 7,0 X 7,0 CM;M;1,6526;;;;;;;;;;;;;82,63;3,35;276,81;;;
;01.02.03.02.001.28000;SARRAFO PINHO CUIABANO 2,0 X 7,0 CM;M;2,1856;;;;;;;;;;;;;109,28;1,5;163,92;;;
;01.02.03.02.001.28014;COMPENSADO PLASTIFICADO 2200 X 1100 X 12 MM;UN;0,1488;;;;;;;;;;;;;7,44;47,57;353,92;;;
;01.02.03.02.001.28828;SER MONTAGEM E DESMONTAGEM DE FORMA DE MADEIRA PARA BLOCO DE FUNDACAO;M2;4;;;;;;;;;;;;;200;26;5200;;;
;01.02.03.02.001.29211;DESMOLDANTE;L;0,17;;;;;;;;;;;;;8,5;2,79;23,72;;;
;01.02.03.02.002;ESCAVAÇÃO MANUALDE BLOCOS E BALDRAMES;M3;;;;;;;;;;;;;;;;1755;;;
;01.02.03.02.002.29174;SER ESCAVACAO MECANIZADA CORTE COM BOTA FORA;M3;1,3;;;;;;;;;;;;;234;7,5;1755;;;
;01.02.03.02.003;ARMAÇÃO - VIGA BALDRAME;KG;;;;;;;;;;;;;;;;15181,66;;;
;01.02.03.02.003.27932;ACO CA 50 10,0 MM 0,617 KG/M CORTADO E DOBRADO;KG;0,3193;;;;;;;;;;;;;1277,2;2,72;3473,98;;;
;01.02.03.02.003.27934;ACO CA 50 12,5 MM 0,963 KG/M CORTADO E DOBRADO;KG;0,4481;;;;;;;;;;;;;1792,4;2,6;4660,24;;;
;01.02.03.02.003.27950;ACO CA 60 5,0 MM 0,154 KG/M CORTADO E DOBRADO;KG;0,2626;;;;;;;;;;;;;1050,4;2,63;2762,55;;;
;01.02.03.02.003.27976;ARAME RECOZIDO TORCIDO BWG N 18 FIO 1,25 MM 0,010 KG/M;KG;0,0091;;;;;;;;;;;;;36,4;4,53;164,89;;;
;01.02.03.02.003.28819;SER MONTAGEM E LANCAMENTO DE ACO EM FUNDACAO;KG;1;;;;;;;;;;;;;4000;1,03;4120;;;
;01.02.03.02.004;ARMAÇÃO - BLOCOS;KG;;;;;;;;;;;;;;;;35243,74;;;
;01.02.03.02.004.27934;ACO CA 50 12,5 MM 0,963 KG/M CORTADO E DOBRADO;KG;1;;;;;;;;;;;;;9600;2,6;24960;;;
;01.02.03.02.004.27976;ARAME RECOZIDO TORCIDO BWG N 18 FIO 1,25 MM 0,010 KG/M;KG;0,0091;;;;;;;;;;;;;87,36;4,53;395,74;;;
;01.02.03.02.004.28819;SER MONTAGEM E LANCAMENTO DE ACO EM FUNDACAO;KG;1;;;;;;;;;;;;;9600;1,03;9888;;;
;01.02.03.02.005;CONCRETO 35 MPA SLUMP 10+-2 - VIGA BALDRAME;M3;;;;;;;;;;;;;;;;14127,5;;;
;01.02.03.02.005.28580;SER CONCRETO USINADO FCK 35 MPA BRITA 1 SLUMP 10 +/- 2;M3;1,05;;;;;;;;;;;;;52,5;211;11077,5;;;
;01.02.03.02.005.28724;SER TAXA DE BOMBEAMENTO DE CONCRETO;M3;1,05;;;;;;;;;;;;;52,5;20;1050;;;
;01.02.03.02.005.28919;SER LANCAMENTO DE CONCRETO EM FUNDACOES E CONTENCOES;M3;1;;;;;;;;;;;;;50;40;2000;;;
;01.02.03.02.006;CONCRETO 35 MPA SLUMP 10+-2 - BLOCOS;M3;;;;;;;;;;;;;;;;33906;;;
;01.02.03.02.006.28580;SER CONCRETO USINADO FCK 35 MPA BRITA 1 SLUMP 10 +/- 2;M3;1,05;;;;;;;;;;;;;126;211;26586;;;
;01.02.03.02.006.28724;SER TAXA DE BOMBEAMENTO DE CONCRETO;M3;1,05;;;;;;;;;;;;;126;20;2520;;;
;01.02.03.02.006.28919;SER LANCAMENTO DE CONCRETO EM FUNDACOES E CONTENCOES;M3;1;;;;;;;;;;;;;120;40;4800;;;
;01.02.03.02.007;CONCRETO 35 MPA SLUMP 10+-2 - BLOCOS;M3;;;;;;;;;;;;;;;; -   ;;;
;01.02.03.02.007.28580;SER CONCRETO USINADO FCK 35 MPA BRITA 1 SLUMP 10 +/- 2;M3;1,05;;;;;;;;;;;;; -   ;211; -   ;;;
;01.02.03.02.007.28724;SER TAXA DE BOMBEAMENTO DE CONCRETO;M3;1,05;;;;;;;;;;;;; -   ;20; -   ;;;
;01.02.03.02.007.28919;SER LANCAMENTO DE CONCRETO EM FUNDACOES E CONTENCOES;M3;1;;;;;;;;;;;;; -   ;40; -   ;;;
;01.02.03.03;SAPATA;;;;;;;;;;;;;;;;;491213,18;;;
;01.02.03.03.001;LASTRO DE CONCRETO 20 MPA SLUMP 8+-1 ( ESPESSURA 30 CM);M3;;;;;;;;;;;;;;;;33000;;;
;01.02.03.03.001.28529;SER CONCRETO USINADO FCK 20 MPA BRITA 1 SLUMP 8 +/- 1;M3;1;;;;;;;;;;;;;150;180;27000;;;
;01.02.03.03.001.28919;SER LANCAMENTO DE CONCRETO EM FUNDACOES E CONTENCOES;M3;1;;;;;;;;;;;;;150;40;6000;;;
;01.02.03.03.002;ALUGUEL DE FORMA METÁLICA - SAPATAS TORRE;M2;;;;;;;;;;;;;;;;31176,83;;;
;01.02.03.03.002.35409;MO EXECUCAO E NIVELAMENTO DE GASTALHO DE PILHAR;UN;0,076;;;;;;;;;;;;;38;80;3040;;;
;01.02.03.03.002.27928;ACO CA 25 6,3 MM 0,245 KG/M CORTADO E DOBRADO;KG;1;;;;;;;;;;;;;500;2,89;1445;;;
;01.02.03.03.002.27972;ARAME RECOZIDO TORCIDO BWG N 12 FIO 2,77 MM 0,047 KG/M;KG;0,18;;;;;;;;;;;;;90;4,53;407,7;;;
;01.02.03.03.002.28000;SARRAFO PINHO CUIABANO 2,0 X 7,0 CM;M;2,1855;;;;;;;;;;;;;1092,75;1,5;1639,13;;;
;01.02.03.03.002.28185;ESPACADOR PLASTICO CIRCULAR 25 MM;UN;10;;;;;;;;;;;;;5000;0,05;250;;;
;01.02.03.03.002.28829;SER MONTAGEM E DESMONTAGEM DE FORMA METALICA PARA SAPATA;M2;1;;;;;;;;;;;;;500;26;13000;;;
;01.02.03.03.002.29211;DESMOLDANTE;L;1;;;;;;;;;;;;;500;2,79;1395;;;
;01.02.03.03.002.33976;LOC FORMA METALICA;VB;15;;;;;;;;;;;;;7500;1;7500;;;
;01.02.03.03.002.35353;LOC TENSOR PARA FORMA;MÊS;1;;;;;;;;;;;;;500;5;2500;;;
;01.02.03.03.003;ESCAVAÇÃO MECÂNICA - SAPATAS;VB;;;;;;;;;;;;;;;;35000,1;;;
;01.02.03.03.003.28968;LOC RETROESCAVADEIRA COM COMBUSTIVEL;DIA;30;;;;;;;;;;;;;30;966,67;29000,1;;;
;01.02.03.03.003.29174;SER ESCAVACAO MECANIZADA CORTE COM BOTA FORA;M3;800;;;;;;;;;;;;;800;7,5;6000;;;
;01.02.03.03.004;REATERRO;VB;;;;;;;;;;;;;;;;9000;;;
;01.02.03.03.004.33398;SER REATERRO MECANIZADO DE CAVAS E VALAS;M3;1000;;;;;;;;;;;;;1000;9;9000;;;
;01.02.03.03.005;ARMAÇÃO PARA SAPATAS - TORRE E PERIFERIA;KG;;;;;;;;;;;;;;;;146106;;;
;01.02.03.03.005.27934;ACO CA 50 12,5 MM 0,963 KG/M CORTADO E DOBRADO;KG;1;;;;;;;;;;;;;40000;2,6;104000;;;
;01.02.03.03.005.27976;ARAME RECOZIDO TORCIDO BWG N 18 FIO 1,25 MM 0,010 KG/M;KG;0,005;;;;;;;;;;;;;200;4,53;906;;;
;01.02.03.03.005.28819;SER MONTAGEM E LANCAMENTO DE ACO EM FUNDACAO;KG;1;;;;;;;;;;;;;40000;1,03;41200;;;
;01.02.03.03.006;CONCRETO 35 MPA SLUMP 10+-2 - SAPATAS TORRE;M3;;;;;;;;;;;;;;;;141275;;;
;01.02.03.03.006.28580;SER CONCRETO USINADO FCK 35 MPA BRITA 1 SLUMP 10 +/- 2;M3;1,05;;;;;;;;;;;;;525;211;110775;;;
;01.02.03.03.006.28724;SER TAXA DE BOMBEAMENTO DE CONCRETO;M3;1,05;;;;;;;;;;;;;525;20;10500;;;
;01.02.03.03.006.28919;SER LANCAMENTO DE CONCRETO EM FUNDACOES E CONTENCOES;M3;1;;;;;;;;;;;;;500;40;20000;;;
;01.02.03.03.007;DESMONTE DE ROCHA;M3;;;;;;;;;;;;;;;;95655,25;;;
;01.02.03.03.007.34785;LOC Rompedor Diesel;DIA;0,017168;;;;;;;;;;;;;20;140;2800,1;;;
;01.02.03.03.007.31124;SER DESMONTE DE ROCHA E MATACAO;M3;1,00085;;;;;;;;;;;;;1165,99;4,7;5480,15;;;
;01.02.03.03.007.32845;SER ESCAVACAO MECANIZADA DE MATERIAL DE DESMONTE DE ROCHA;M3;1;;;;;;;;;;;;;1165;75;87375;;;
;01.02.04;MUROS DE ARRIMO E CONTENÇÕES;;;;;;;;;;;;;;;;;176981,78;;;
;01.02.04.01;MUROS DE ARRIMO;;;;;;;;;;;;;;;;;176981,78;;;
;01.02.04.01.001;MUROS DE ARRIMO - ALV. BLOCO DE CONCRETO 19X19X39CM - CHEIO/GRAUTEADO/FRISADO;M2;;;;;;;;;;;;;;;;176981,78;;;
;01.02.04.01.001.33398;Serv Execução de Reaterro e Faixas no Muro de Divisa;VB;9,804594;;;;;;;;;;;;;10000;1;10000;;;
;01.02.04.01.001.27635;CIMENTO CP II E 32;KG;3,1;;;;;;;;;;;;;3161,78;0,37;1169,86;;;
;01.02.04.01.001.27814;BLOCO DE CONCRETO 4,5 MPA 19 X 19 X 39 CM;UN;13;;;;;;;;;;;;;13259,09;1,88;24927,09;;;
;01.02.04.01.001.27934;ACO CA 50 12,5 MM 0,963 KG/M CORTADO E DOBRADO;KG;8,1162;;;;;;;;;;;;;8277,96;2,6;21522,69;;;
;01.02.04.01.001.27976;ARAME RECOZIDO TORCIDO BWG N 18 FIO 1,25 MM 0,010 KG/M;KG;8,1162;;;;;;;;;;;;;8277,96;4,53;37499,14;;;
;01.02.04.01.001.28185;ESPACADOR PLASTICO CIRCULAR 25 MM;UN;8,1162;;;;;;;;;;;;;8277,96;0,05;413,9;;;
;01.02.04.01.001.28208;AREIA MEDIA;M3;0,19;;;;;;;;;;;;;193,79;48,5;9398,65;;;
;01.02.04.01.001.28212;PEDRA BRITADA N 1;M3;0,19;;;;;;;;;;;;;193,79;30;5813,6;;;
;01.02.04.01.001.28220;CAL HIDRATADA CH III;KG;3;;;;;;;;;;;;;3059,79;0,32;979,13;;;
;01.02.04.01.001.28616;SER GRAUTE USINADO FCK 15 MPA BRITA 0 SLUMP 22 +/-3 CM;M3;0,1983;;;;;;;;;;;;;202,25;135,68;27441,57;;;
;01.02.04.01.001.28834;SER EXECUCAO DE ALVENARIA FRISADA DE MURO DE ARRIMO;M2;1;;;;;;;;;;;;;1019,93;35;35697,55;;;
;01.02.04.01.001.30608;ADESIVO ESTRUTURAL BASE EPOXI BICOMPONENTE;KG;0,0577;;;;;;;;;;;;;58,85;36;2118,6;;;
;01.02.05;ESTRUTURA;;;;;;;;;;;;;;;;;8322004,29;;;
;01.02.05.01;FORMAS;;;;;;;;;;;;;;;;;2442879,11;;;
;01.02.05.01.001;JOGO PRÉ TIPO;VB;;;;;;;;;;;;;;;;134424,4;;;
;01.02.05.01.001.28832;SER REFORMA DE FORMA PARA SUPERESTRUTURA TORRE;M2;88;;;;;;;;;;;;;88;21;1848;;;
;01.02.05.01.001.29209;FORMA PRONTA DE MADEIRA PARA ESTRUTURA;M2;1776,5;;;;;;;;;;;;;1776,5;58;103037;;;
;01.02.05.01.001.36520;VERBA PARA COMPLEMENTO DE FORMA;M2;509,3;;;;;;;;;;;;;509,3;58;29539,4;;;
;01.02.05.01.002;JOGO  TIPO;VB;;;;;;;;;;;;;;;;121495,98;;;
;01.02.05.01.002.28019;COMPENSADO PLASTIFICADO 2440 X 1220 X 18 MM;UN;312,22;;;;;;;;;;;;;312,22;84,63;26423,18;;;
;01.02.05.01.002.28832;SER REFORMA DE FORMA PARA SUPERESTRUTURA TORRE;M2;425;;;;;;;;;;;;;425;21;8925;;;
;01.02.05.01.002.29209;FORMA PRONTA DE MADEIRA PARA ESTRUTURA;M2;1333,6;;;;;;;;;;;;;1333,6;58;77348,8;;;
;01.02.05.01.002.33963;SER SUBSTITUICAO DE ASSOALHO;M2;838;;;;;;;;;;;;;838;10,5;8799;;;
;01.02.05.01.003;PERIFERIA;VB;;;;;;;;;;;;;;;;19343;;;
;01.02.05.01.003.29209;FORMA PRONTA DE MADEIRA PARA ESTRUTURA;M2;333,5;;;;;;;;;;;;;333,5;58;19343;;;
;01.02.05.01.004;MONTAGEM DE FORMA - TORRE;VB;;;;;;;;;;;;;;;;1611775,45;;;
;01.02.05.01.004.28831;SER MONTAGEM E DESMONTAGEM DE FORMA PARA SUPERESTRUTURA TORRE;M2;54017;;;;;;;;;;;;;54017;28,5;1539484,5;;;
;01.02.05.01.004.29124;VERBA PARA PREGO;KG;10803,4;;;;;;;;;;;;;10803,4;4,32;46670,69;;;
;01.02.05.01.004.29211;DESMOLDANTE;L;9182,89;;;;;;;;;;;;;9182,89;2,79;25620,26;;;
;01.02.05.01.005;MONTAGEM DE FORMA - PERIFERIA;VB;;;;;;;;;;;;;;;;121122,53;;;
;01.02.05.01.005.28830;SER MONTAGEM E DESMONTAGEM DE FORMA PARA SUPERESTRUTURA PERIFERIA;M2;3865;;;;;;;;;;;;;3865;30;115950;;;
;01.02.05.01.005.29124;VERBA PARA PREGO;KG;773;;;;;;;;;;;;;773;4,32;3339,36;;;
;01.02.05.01.005.29211;DESMOLDANTE;L;657,05;;;;;;;;;;;;;657,05;2,79;1833,17;;;
;01.02.05.01.006;INSTALAÇÃO DE PROTEÇÃO PERIMETRAL;VB;;;;;;;;;;;;;;;;115836,47;;;
;01.02.05.01.006.30754;VERBA PARA ITENS DE SEGURANCA;VB;115836,47;;;;;;;;;;;;;115836,47;1;115836,47;;;
;01.02.05.01.007;CUBETAS;VB;;;;;;;;;;;;;;;;318881,28;;;
;01.02.05.01.007.27967;TELA Q 92 2,45 X 6,00 M MALHA 15 X 15 CM FIO 4,2 MM 1,48 KG/M2;KG;10301,98;;;;;;;;;;;;;10301,98;3,22;33172,38;;;
;01.02.05.01.007.28675;SER FRETE;VB;3000;;;;;;;;;;;;;3000;1;3000;;;
;01.02.05.01.007.29212;LOC CUBETA 800 X 800 X 200 MM;UNXDIA;304687,5;;;;;;;;;;;;;304687,5;0,32;97500;;;
;01.02.05.01.007.29970;SER MONTAGEM E DESMONTAGEM DE CUBETA;M2;6173,63;;;;;;;;;;;;;6173,63;30;185208,9;;;
;01.02.05.02;ARMAÇÃO;;;;;;;;;;;;;;;;;3314496,78;;;
;01.02.05.02.001;ARMAÇÃO PARA ESTRUTURA;KG;;;;;;;;;;;;;;;;3314496,78;;;
;01.02.05.02.001.27931;ACO CA 50 10,0 MM 0,617 KG/M BARRA RETA;KG;0,19055;;;;;;;;;;;;;161302,46;2,72;438742,69;;;
;01.02.05.02.001.27933;ACO CA 50 12,5 MM 0,963 KG/M BARRA RETA;KG;0,1236;;;;;;;;;;;;;104628,62;2,6;272034,42;;;
;01.02.05.02.001.27935;ACO CA 50 16,0 MM 1,578 KG/M BARRA RETA;KG;0,1236;;;;;;;;;;;;;104628,62;2,6;272034,42;;;
;01.02.05.02.001.27937;ACO CA 50 20,0 MM 2,466 KG/M BARRA RETA;KG;0,1236;;;;;;;;;;;;;104628,62;2,6;272034,42;;;
;01.02.05.02.001.27939;ACO CA 50 25,0 MM 3,853 KG/M BARRA RETA;KG;0,1236;;;;;;;;;;;;;104628,62;2,6;272034,42;;;
;01.02.05.02.001.27941;ACO CA 50 32,0 MM 6,313 KG/M BARRA RETA;KG;0,00515;;;;;;;;;;;;;4359,53;2,88;12555,43;;;
;01.02.05.02.001.27943;ACO CA 50 6,3 MM 0,245 KG/M BARRA RETA;KG;0,1545;;;;;;;;;;;;;130785,78;2,83;370123,75;;;
;01.02.05.02.001.27945;ACO CA 50 8,0 MM 0,395 KG/M BARRA RETA;KG;0,1339;;;;;;;;;;;;;113347,67;2,83;320773,92;;;
;01.02.05.02.001.27949;ACO CA 60 5,0 MM 0,154 KG/M BARRA RETA;KG;0,0515;;;;;;;;;;;;;43595,26;2,63;114655,53;;;
;01.02.05.02.001.27976;ARAME RECOZIDO TORCIDO BWG N 18 FIO 1,25 MM 0,010 KG/M;KG;0,01;;;;;;;;;;;;;8465,1;4,53;38346,9;;;
;01.02.05.02.001.28820;SER MONTAGEM E LANCAMENTO DE ACO EM SUPERESTRUTURA;KG;1;;;;;;;;;;;;;846509,89;1,1;931160,88;;;
;01.02.05.03;CONCRETO;;;;;;;;;;;;;;;;;2180347,32;;;
;01.02.05.03.001;LANÇAMENTO DE CONCRETO;M3;;;;;;;;;;;;;;;;280214,4;;;
;01.02.05.03.001.28918;SER LANCAMENTO DE CONCRETO EM ESTRUTURA TORRE E PERIFERIA;M3;1;;;;;;;;;;;;;8241,6;34;280214,4;;;
;01.02.05.03.002;CONCRETO FCK 30 BRITA 0;VB;;;;;;;;;;;;;;;;547757,93;;;
;01.02.05.03.002.28555;SER CONCRETO USINADO FCK 30 MPA BRITA 0 SLUMP 14 +/- 2;M3;877,59;;;;;;;;;;;;;877,59;200,36;175833,93;;;
;01.02.05.03.002.28556;SER CONCRETO USINADO FCK 30 MPA BRITA 0 SLUMP 16 +/- 3;M3;1859,62;;;;;;;;;;;;;1859,62;200;371924;;;
;01.02.05.03.003;CONCRETO FCK 30 BRITA 1;VB;;;;;;;;;;;;;;;;1028773,59;;;
;01.02.05.03.003.28561;SER CONCRETO USINADO FCK 30 MPA BRITA 1 SLUMP 10 +/- 2;M3;3447,91;;;;;;;;;;;;;3447,91;197;679238,27;;;
;01.02.05.03.003.28562;SER CONCRETO USINADO FCK 30 MPA BRITA 1 SLUMP 12 +/- 2;M3;877,59;;;;;;;;;;;;;877,59;197,93;173701,39;;;
;01.02.05.03.003.28563;SER CONCRETO USINADO FCK 30 MPA BRITA 1 SLUMP 14 +/- 2;M3;877,59;;;;;;;;;;;;;877,59;200,36;175833,93;;;
;01.02.05.03.005;CONCRETO FCK 35 BRITA 1;VB;;;;;;;;;;;;;;;;150527,4;;;
;01.02.05.03.005.28580;SER CONCRETO USINADO FCK 35 MPA BRITA 1 SLUMP 10 +/- 2;M3;713,4;;;;;;;;;;;;;713,4;211;150527,4;;;
;01.02.05.03.006;TAXA DE BOMBEAMENTO DE CONCRETO;M3;;;;;;;;;;;;;;;;173074;;;
;01.02.05.03.006.28724;SER TAXA DE BOMBEAMENTO DE CONCRETO;M3;1;;;;;;;;;;;;;8653,7;20;173074;;;
;01.02.05.04;ESCORAMENTO;;;;;;;;;;;;;;;;;146500;;;
;01.02.05.04.001;ESCORAMENTO;VB;;;;;;;;;;;;;;;;146500;;;
;01.02.05.04.001.28675;SER FRETE;VB;17000;;;;;;;;;;;;;17000;1;17000;;;
;01.02.05.04.001.29966;VERBA PARA LOCACAO DE ESCORAMENTO METALICO;VB;129500;;;;;;;;;;;;;129500;1;129500;;;
;01.02.05.05;DIVERSOS;;;;;;;;;;;;;;;;;146210,21;;;
;01.02.05.05.001;REGULARIZAÇÃO DE ESTRUTURA;VB;;;;;;;;;;;;;;;;84982;;;
;01.02.05.05.001.29194;SER EXECUCAO DE REGULARIZACAO DE CONCRETO PERIFERIA;M2;8498,2;;;;;;;;;;;;;8498,2;10;84982;;;
;01.02.05.05.002;FORMA METÁLICA PARA ESCADA;VB;;;;;;;;;;;;;;;;5000;;;
;01.02.05.05.002.31147;VERBA PARA FORMA METALICA DAS ESCADAS;VB;5000;;;;;;;;;;;;;5000;1;5000;;;
;01.02.05.05.003;CANTONEIRA E TUBO PARA PILAR;VB;;;;;;;;;;;;;;;;7261,8;;;
;01.02.05.05.003.31710;TUBO DE PVC PARA TRAVAMENTO DE FORMA 1 POL;UN;5460;;;;;;;;;;;;;5460;1,33;7261,8;;;
;01.02.05.05.004;CURA DO CONCRETO;VB;;;;;;;;;;;;;;;;16151,55;;;
;01.02.05.05.004.33723;Tri Curing para Concreto;L;5383,85;;;;;;;;;;;;;5383,85;3;16151,55;;;
;01.02.05.05.004.31710;TUBO DE PVC PARA TRAVAMENTO DE FORMA 1 POL;UN;0;;;;;;;;;;;;; -   ;1,33; -   ;;;
;01.02.05.05.005;ESPAÇADORES PARA ESTRUTURA;UN;;;;;;;;;;;;;;;;26811,36;;;
;01.02.05.05.005.33723;Tri Curing para Concreto;L;0;;;;;;;;;;;;; -   ;3; -   ;;;
;01.02.05.05.005.28184;ESPACADOR PLASTICO CENTOPEIA 20 MM;UN;1,134;;;;;;;;;;;;;36624,36;0,24;8789,85;;;
;01.02.05.05.005.28185;ESPACADOR PLASTICO CIRCULAR 25 MM;UN;7,2;;;;;;;;;;;;;232535,59;0,05;11626,78;;;
;01.02.05.05.005.29963;ESPACADOR PLASTICO CENTOPEIA 25 MM;UN;0,6;;;;;;;;;;;;;19377,97;0,33;6394,73;;;
;01.02.05.05.005.31710;TUBO DE PVC PARA TRAVAMENTO DE FORMA 1 POL;UN;0;;;;;;;;;;;;; -   ;1,33; -   ;;;
;01.02.05.05.006;CIMENTO PARA LUBRIFICAÇÃO DO MANGOTE;VB;;;;;;;;;;;;;;;;6003,5;;;
;01.02.05.05.006.27635;CIMENTO CP II E 32;KG;16225,68;;;;;;;;;;;;;16225,68;0,37;6003,5;;;
;01.02.05.06;ESTRUTURA DE CONCRETO PRÉ FABRICADO;;;;;;;;;;;;;;;;;28875;;;
;01.02.05.06.001;ESTRUTURA DE CONCRETO PRÉ FABRICADO;VB;;;;;;;;;;;;;;;;28875;;;
;01.02.05.06.001.28724;SER TAXA DE BOMBEAMENTO DE CONCRETO;M3;0;;;;;;;;;;;;; -   ;20; -   ;;;
;01.02.05.06.001.31152;VERBA PARA ESTRUTURA PRE FABRICADA;VB;28875;;;;;;;;;;;;;28875;1;28875;;;
;01.02.05.07;ESTRUTURA METÁLICA;;;;;;;;;;;;;;;;;62695,87;;;
;01.02.05.07.001;ESTRUTURA METÁLICA;VB;;;;;;;;;;;;;;;;62695,87;;;
;01.02.05.07.001.28724;SER TAXA DE BOMBEAMENTO DE CONCRETO;M3;0;;;;;;;;;;;;; -   ;20; -   ;;;
;01.02.05.07.001.35350;VERBA PARA ESTRUTURA METALICA;VB;62695,87;;;;;;;;;;;;;62695,87;1;62695,87;;;
;01.02.06;ALVENARIA E FECHAMENTOS;;;;;;;;;;;;;;;;;2501743,08;;;
;01.02.06.01;ALVENARIA E FECHAMENTOS;;;;;;;;;;;;;;;;;2501743,08;;;
;01.02.06.01.001;ALVENARIA E FECHAMENTOS;VB;;;;;;;;;;;;;;;;2501743,08;;;
;01.02.06.01.001.29214;Verba para Alvenaria e Fechamentos - Pré-Orçamento;VB;1;;;;;;;;;;;;;2501743,08;1;2501743,08;;;
;01.02.07;COBERTURAS;;;;;;;;;;;;;;;;;243562,11;;;
;01.02.07.01;COBERTURAS;;;;;;;;;;;;;;;;;243562,11;;;
;01.02.07.01.001;COBERTURAS;VB;;;;;;;;;;;;;;;;243562,11;;;
;01.02.07.01.001.29215;Verba para Coberturas - Pré-Orçamento;VB;1;;;;;;;;;;;;;243562,11;1;243562,11;;;
;01.02.08;IMPERMEABILIZAÇÃO E ISOLAMENTOS;;;;;;;;;;;;;;;;;965591,63;;;
;01.02.08.01;IMPERMEABILIZAÇÃO E ISOLAMENTO;;;;;;;;;;;;;;;;;965591,63;;;
;01.02.08.01.001;IMPERMEABILIZAÇÃO E ISOLAMENTO;VB;;;;;;;;;;;;;;;;965591,63;;;
;01.02.08.01.001.29216;Verba para Impermeabilização e Isolamento - Pré-Orçamento;VB;1;;;;;;;;;;;;;965591,63;1;965591,63;;;
;01.02.09;REVESTIMENTOS;;;;;;;;;;;;;;;;;2716405,19;;;
;01.02.09.01;REVESTIMENTOS;;;;;;;;;;;;;;;;;2716405,19;;;
;01.02.09.01.001;REVESTIMENTOS;VB;;;;;;;;;;;;;;;;2716405,19;;;
;01.02.09.01.001.29217;Verba para Revestimentos - Pré-Orçamento;VB;1;;;;;;;;;;;;;2716405,19;1;2716405,19;;;
;01.02.10;REVESTIMENTOS CERÂMICOS;;;;;;;;;;;;;;;;;2822470,46;;;
;01.02.10.01;REVESTIMENTOS CERÂMICOS;;;;;;;;;;;;;;;;;2822470,46;;;
;01.02.10.01.001;REVESTIMENTOS CERÂMICOS;VB;;;;;;;;;;;;;;;;2822470,46;;;
;01.02.10.01.001.29218;Verba para Revestimentos Cerâmicos - Pré-Orçamento;VB;1;;;;;;;;;;;;;2822470,46;1;2822470,46;;;
;01.02.11;PEDRAS, MARMORES E GRANITOS;;;;;;;;;;;;;;;;;819048,35;;;
;01.02.11.01;PEDRAS, MARMORES E GRANITOS;;;;;;;;;;;;;;;;;819048,35;;;
;01.02.11.01.001;PEDRAS, MARMORES E GRANITOS;VB;;;;;;;;;;;;;;;;819048,35;;;
;01.02.11.01.001.29218;Verba para Mármores e Granitos ¿ Pré-Orçamento;VB;1;;;;;;;;;;;;;819048,35;1;819048,35;;;
;01.02.12;PISOS;;;;;;;;;;;;;;;;;986252,84;;;
;01.02.12.01;PISOS;;;;;;;;;;;;;;;;;986252,84;;;
;01.02.12.01.001;PISOS;VB;;;;;;;;;;;;;;;;986252,84;;;
;01.02.12.01.001.29220;Verba para Pisos - Pré-Orçamento;VB;1;;;;;;;;;;;;;986252,84;1;986252,84;;;
;01.02.13;FORROS;;;;;;;;;;;;;;;;;589154,31;;;
;01.02.13.01;FORROS;;;;;;;;;;;;;;;;;589154,31;;;
;01.02.13.01.001;FORROS;VB;;;;;;;;;;;;;;;;589154,31;;;
;01.02.13.01.001.29221;Verba para Forros - Pré-Orçamento;VB;1;;;;;;;;;;;;;589154,31;1;589154,31;;;
;01.02.14;ESQUADRIAS;;;;;;;;;;;;;;;;;3143967,61;;;
;01.02.14.01;ESQUADRIAS;;;;;;;;;;;;;;;;;3143967,61;;;
;01.02.14.01.001;ESQUADRIAS;VB;;;;;;;;;;;;;;;;3143967,61;;;
;01.02.14.01.001.29222;Verba para Esquadrias - Pré-Orçamento;VB;1;;;;;;;;;;;;;3143967,61;1;3143967,61;;;
;01.02.15;VIDROS;;;;;;;;;;;;;;;;;377325,07;;;
;01.02.15.01;VIDROS;;;;;;;;;;;;;;;;;377325,07;;;
;01.02.15.01.001;VIDROS;VB;;;;;;;;;;;;;;;;377325,07;;;
;01.02.15.01.001.29223;Verba para Vidros - Pré-Orçamento;VB;1;;;;;;;;;;;;;377325,07;1;377325,07;;;
;01.02.16;INSTALAÇÕES ELÉTRICAS;;;;;;;;;;;;;;;;;3201240,9;;;
;01.02.16.01;INSTALAÇÕES ELÉTRICAS;;;;;;;;;;;;;;;;;3201240,9;;;
;01.02.16.01.001;INSTALAÇÕES ELÉTRICAS;VB;;;;;;;;;;;;;;;;3201240,9;;;
;01.02.16.01.001.29308;VERBA PARA INSTALACOES ELETRICAS;VB;1;;;;;;;;;;;;;3201240,9;1;3201240,9;;;
;01.02.17;INSTALAÇÕES HIDRÁULICAS;;;;;;;;;;;;;;;;;3196038,78;;;
;01.02.17.01;INSTALAÇÕES HIDRÁULICAS;;;;;;;;;;;;;;;;;3196038,78;;;
;01.02.17.01.001;INSTALAÇÕES HIDRÁULICAS;VB;;;;;;;;;;;;;;;;3196038,78;;;
;01.02.17.01.001.29307;VERBA PARA INSTALACOES HIDRAULICAS;VB;1;;;;;;;;;;;;;3196038,78;1;3196038,78;;;
;01.02.18;SISTEMA DE AR COND, EXAUSTÃO E DETECÇÃO DE FUMAÇA;;;;;;;;;;;;;;;;;594189,96;;;
;01.02.18.01;OUTRAS INSTALAÇÕES;;;;;;;;;;;;;;;;;594189,96;;;
;01.02.18.01.001;OUTRAS INSTALAÇÕES;VB;;;;;;;;;;;;;;;;594189,96;;;
;01.02.18.01.001.29225;Verba p/ Inst. de Ar-Condicionado e Exaustão Mecânica - Pré-Orçamento;VB;1;;;;;;;;;;;;;594189,96;1;594189,96;;;
;01.02.19;OUTRAS INSTALAÇÕES;;;;;;;;;;;;;;;;;545600,12;;;
;01.02.19.01;OUTRAS INSTALAÇÕES;;;;;;;;;;;;;;;;;545600,12;;;
;01.02.19.01.001;OUTRAS INSTALAÇÕES;VB;;;;;;;;;;;;;;;;545600,12;;;
;01.02.19.01.001.29226;Verba para Outras Instalações - Pré-Orçamento;VB;1;;;;;;;;;;;;;545600,12;1;545600,12;;;
;01.02.20;ELEVADORES;;;;;;;;;;;;;;;;;1128000;;;
;01.02.20.01;ELEVADORES;;;;;;;;;;;;;;;;;1128000;;;
;01.02.20.01.001;ELEVADORES;VB;;;;;;;;;;;;;;;;1128000;;;
;01.02.20.01.001.29227;Verba para Elevadores - Pré-Orçamento;VB;1;;;;;;;;;;;;;1128000;1;1128000;;;
;01.02.21;LOUÇAS E METAIS;;;;;;;;;;;;;;;;;834269,19;;;
;01.02.21.01;LOUÇAS E METAIS;;;;;;;;;;;;;;;;;834269,19;;;
;01.02.21.01.001;LOUÇAS E METAIS;VB;;;;;;;;;;;;;;;;834269,19;;;
;01.02.21.01.001.29228;Verba para Louças e Metais - Pré-Orçamento;VB;1;;;;;;;;;;;;;834269,19;1;834269,19;;;
;01.02.22;PINTURA;;;;;;;;;;;;;;;;;1479026,04;;;
;01.02.22.01;PINTURA;;;;;;;;;;;;;;;;;1479026,04;;;
;01.02.22.01.001;PINTURA;VB;;;;;;;;;;;;;;;;1479026,04;;;
;01.02.22.01.001.29229;Verba para Pintura - Pré-Orçamento;VB;1;;;;;;;;;;;;;1479026,04;1;1479026,04;;;
;01.02.23;PAISAGISMO;;;;;;;;;;;;;;;;;110000;;;
;01.02.23.01;PAISAGISMO;;;;;;;;;;;;;;;;;110000;;;
;01.02.23.01.001;PAISAGISMO;VB;;;;;;;;;;;;;;;;110000;;;
;01.02.23.01.001.29230;Verba para Paisagismo - Pré-Orçamento;VB;1;;;;;;;;;;;;;110000;1;110000;;;
;01.02.24;LIMPEZA E ARREMATES FINAIS;;;;;;;;;;;;;;;;;235248,06;;;
;01.02.24.01;LIMPEZA E ARREMATES FINAIS;;;;;;;;;;;;;;;;;235248,06;;;
;01.02.24.01.001;LIMPEZA E ARREMATES FINAIS;VB;;;;;;;;;;;;;;;;235248,06;;;
;01.02.24.01.001.29231;Verba para Limpeza - Pré-Orçamento;VB;1;;;;;;;;;;;;;235248,06;1;235248,06;;;
